ISO-10303-21;
HEADER;
FILE_DESCRIPTION(('FreeCAD Model'),'2;1');
FILE_NAME('Open CASCADE Shape Model','2026-07-26T11:23:36',(''),(''),
  'Open CASCADE STEP processor 7.9','FreeCAD','Unknown');
FILE_SCHEMA(('AUTOMOTIVE_DESIGN { 1 0 10303 214 1 1 1 1 }'));
ENDSEC;
DATA;
#1 = APPLICATION_PROTOCOL_DEFINITION('international standard',
  'automotive_design',2000,#2);
#2 = APPLICATION_CONTEXT(
  'core data for automotive mechanical design processes');
#3 = SHAPE_DEFINITION_REPRESENTATION(#4,#10);
#4 = PRODUCT_DEFINITION_SHAPE('','',#5);
#5 = PRODUCT_DEFINITION('design','',#6,#9);
#6 = PRODUCT_DEFINITION_FORMATION('','',#7);
#7 = PRODUCT('Unnamed','Unnamed','',(#8));
#8 = PRODUCT_CONTEXT('',#2,'mechanical');
#9 = PRODUCT_DEFINITION_CONTEXT('part definition',#2,'design');
#10 = SHAPE_REPRESENTATION('',(#11,#15,#19),#23);
#11 = AXIS2_PLACEMENT_3D('',#12,#13,#14);
#12 = CARTESIAN_POINT('',(0.,0.,0.));
#13 = DIRECTION('',(0.,0.,1.));
#14 = DIRECTION('',(1.,0.,-0.));
#15 = AXIS2_PLACEMENT_3D('',#16,#17,#18);
#16 = CARTESIAN_POINT('',(8.89,1.27,0.));
#17 = DIRECTION('',(0.,0.,1.));
#18 = DIRECTION('',(1.,0.,0.));
#19 = AXIS2_PLACEMENT_3D('',#20,#21,#22);
#20 = CARTESIAN_POINT('',(0.,0.,-3.3));
#21 = DIRECTION('',(0.,0.,1.));
#22 = DIRECTION('',(1.,0.,0.));
#23 = ( GEOMETRIC_REPRESENTATION_CONTEXT(3) 
GLOBAL_UNCERTAINTY_ASSIGNED_CONTEXT((#27)) GLOBAL_UNIT_ASSIGNED_CONTEXT(
(#24,#25,#26)) REPRESENTATION_CONTEXT('Context #1',
  '3D Context with UNIT and UNCERTAINTY') );
#24 = ( LENGTH_UNIT() NAMED_UNIT(*) SI_UNIT(.MILLI.,.METRE.) );
#25 = ( NAMED_UNIT(*) PLANE_ANGLE_UNIT() SI_UNIT($,.RADIAN.) );
#26 = ( NAMED_UNIT(*) SI_UNIT($,.STERADIAN.) SOLID_ANGLE_UNIT() );
#27 = UNCERTAINTY_MEASURE_WITH_UNIT(LENGTH_MEASURE(5.E-05),#24,
  'distance_accuracy_value','confusion accuracy');
#28 = PRODUCT_RELATED_PRODUCT_CATEGORY('part',$,(#7));
#29 = SHAPE_DEFINITION_REPRESENTATION(#30,#36);
#30 = PRODUCT_DEFINITION_SHAPE('','',#31);
#31 = PRODUCT_DEFINITION('design','',#32,#35);
#32 = PRODUCT_DEFINITION_FORMATION('','',#33);
#33 = PRODUCT('Body','Body','',(#34));
#34 = PRODUCT_CONTEXT('',#2,'mechanical');
#35 = PRODUCT_DEFINITION_CONTEXT('part definition',#2,'design');
#36 = ADVANCED_BREP_SHAPE_REPRESENTATION('',(#11,#37),#451);
#37 = MANIFOLD_SOLID_BREP('',#38);
#38 = CLOSED_SHELL('',(#39,#79,#110,#141,#158,#239,#274,#298,#345,#369,
    #393,#410,#427,#439));
#39 = ADVANCED_FACE('',(#40),#74,.F.);
#40 = FACE_BOUND('',#41,.F.);
#41 = EDGE_LOOP('',(#42,#52,#60,#68));
#42 = ORIENTED_EDGE('',*,*,#43,.T.);
#43 = EDGE_CURVE('',#44,#46,#48,.T.);
#44 = VERTEX_POINT('',#45);
#45 = CARTESIAN_POINT('',(-14.,-4.5,0.));
#46 = VERTEX_POINT('',#47);
#47 = CARTESIAN_POINT('',(-14.,-4.5,9.));
#48 = LINE('',#49,#50);
#49 = CARTESIAN_POINT('',(-14.,-4.5,0.));
#50 = VECTOR('',#51,1.);
#51 = DIRECTION('',(0.,0.,1.));
#52 = ORIENTED_EDGE('',*,*,#53,.T.);
#53 = EDGE_CURVE('',#46,#54,#56,.T.);
#54 = VERTEX_POINT('',#55);
#55 = CARTESIAN_POINT('',(14.,-4.5,9.));
#56 = LINE('',#57,#58);
#57 = CARTESIAN_POINT('',(-14.,-4.5,9.));
#58 = VECTOR('',#59,1.);
#59 = DIRECTION('',(1.,0.,0.));
#60 = ORIENTED_EDGE('',*,*,#61,.F.);
#61 = EDGE_CURVE('',#62,#54,#64,.T.);
#62 = VERTEX_POINT('',#63);
#63 = CARTESIAN_POINT('',(14.,-4.5,0.));
#64 = LINE('',#65,#66);
#65 = CARTESIAN_POINT('',(14.,-4.5,0.));
#66 = VECTOR('',#67,1.);
#67 = DIRECTION('',(0.,0.,1.));
#68 = ORIENTED_EDGE('',*,*,#69,.F.);
#69 = EDGE_CURVE('',#44,#62,#70,.T.);
#70 = LINE('',#71,#72);
#71 = CARTESIAN_POINT('',(-14.,-4.5,0.));
#72 = VECTOR('',#73,1.);
#73 = DIRECTION('',(1.,0.,0.));
#74 = PLANE('',#75);
#75 = AXIS2_PLACEMENT_3D('',#76,#77,#78);
#76 = CARTESIAN_POINT('',(-14.,-4.5,0.));
#77 = DIRECTION('',(0.,1.,0.));
#78 = DIRECTION('',(1.,0.,0.));
#79 = ADVANCED_FACE('',(#80),#105,.F.);
#80 = FACE_BOUND('',#81,.F.);
#81 = EDGE_LOOP('',(#82,#92,#98,#99));
#82 = ORIENTED_EDGE('',*,*,#83,.T.);
#83 = EDGE_CURVE('',#84,#86,#88,.T.);
#84 = VERTEX_POINT('',#85);
#85 = CARTESIAN_POINT('',(-14.,4.5,0.));
#86 = VERTEX_POINT('',#87);
#87 = CARTESIAN_POINT('',(-14.,4.5,9.));
#88 = LINE('',#89,#90);
#89 = CARTESIAN_POINT('',(-14.,4.5,0.));
#90 = VECTOR('',#91,1.);
#91 = DIRECTION('',(0.,0.,1.));
#92 = ORIENTED_EDGE('',*,*,#93,.T.);
#93 = EDGE_CURVE('',#86,#46,#94,.T.);
#94 = LINE('',#95,#96);
#95 = CARTESIAN_POINT('',(-14.,4.5,9.));
#96 = VECTOR('',#97,1.);
#97 = DIRECTION('',(0.,-1.,0.));
#98 = ORIENTED_EDGE('',*,*,#43,.F.);
#99 = ORIENTED_EDGE('',*,*,#100,.F.);
#100 = EDGE_CURVE('',#84,#44,#101,.T.);
#101 = LINE('',#102,#103);
#102 = CARTESIAN_POINT('',(-14.,4.5,0.));
#103 = VECTOR('',#104,1.);
#104 = DIRECTION('',(0.,-1.,0.));
#105 = PLANE('',#106);
#106 = AXIS2_PLACEMENT_3D('',#107,#108,#109);
#107 = CARTESIAN_POINT('',(-14.,4.5,0.));
#108 = DIRECTION('',(1.,0.,0.));
#109 = DIRECTION('',(0.,-1.,0.));
#110 = ADVANCED_FACE('',(#111),#136,.F.);
#111 = FACE_BOUND('',#112,.F.);
#112 = EDGE_LOOP('',(#113,#114,#122,#130));
#113 = ORIENTED_EDGE('',*,*,#61,.T.);
#114 = ORIENTED_EDGE('',*,*,#115,.T.);
#115 = EDGE_CURVE('',#54,#116,#118,.T.);
#116 = VERTEX_POINT('',#117);
#117 = CARTESIAN_POINT('',(14.,4.5,9.));
#118 = LINE('',#119,#120);
#119 = CARTESIAN_POINT('',(14.,-4.5,9.));
#120 = VECTOR('',#121,1.);
#121 = DIRECTION('',(0.,1.,0.));
#122 = ORIENTED_EDGE('',*,*,#123,.F.);
#123 = EDGE_CURVE('',#124,#116,#126,.T.);
#124 = VERTEX_POINT('',#125);
#125 = CARTESIAN_POINT('',(14.,4.5,0.));
#126 = LINE('',#127,#128);
#127 = CARTESIAN_POINT('',(14.,4.5,0.));
#128 = VECTOR('',#129,1.);
#129 = DIRECTION('',(0.,0.,1.));
#130 = ORIENTED_EDGE('',*,*,#131,.F.);
#131 = EDGE_CURVE('',#62,#124,#132,.T.);
#132 = LINE('',#133,#134);
#133 = CARTESIAN_POINT('',(14.,-4.5,0.));
#134 = VECTOR('',#135,1.);
#135 = DIRECTION('',(0.,1.,0.));
#136 = PLANE('',#137);
#137 = AXIS2_PLACEMENT_3D('',#138,#139,#140);
#138 = CARTESIAN_POINT('',(14.,-4.5,0.));
#139 = DIRECTION('',(-1.,0.,0.));
#140 = DIRECTION('',(0.,1.,0.));
#141 = ADVANCED_FACE('',(#142),#153,.F.);
#142 = FACE_BOUND('',#143,.F.);
#143 = EDGE_LOOP('',(#144,#145,#146,#152));
#144 = ORIENTED_EDGE('',*,*,#69,.T.);
#145 = ORIENTED_EDGE('',*,*,#131,.T.);
#146 = ORIENTED_EDGE('',*,*,#147,.T.);
#147 = EDGE_CURVE('',#124,#84,#148,.T.);
#148 = LINE('',#149,#150);
#149 = CARTESIAN_POINT('',(14.,4.5,0.));
#150 = VECTOR('',#151,1.);
#151 = DIRECTION('',(-1.,0.,0.));
#152 = ORIENTED_EDGE('',*,*,#100,.T.);
#153 = PLANE('',#154);
#154 = AXIS2_PLACEMENT_3D('',#155,#156,#157);
#155 = CARTESIAN_POINT('',(0.,0.,0.));
#156 = DIRECTION('',(0.,0.,1.));
#157 = DIRECTION('',(1.,0.,0.));
#158 = ADVANCED_FACE('',(#159),#234,.T.);
#159 = FACE_BOUND('',#160,.T.);
#160 = EDGE_LOOP('',(#161,#162,#163,#164,#172,#180,#188,#196,#204,#212,
    #220,#228));
#161 = ORIENTED_EDGE('',*,*,#93,.T.);
#162 = ORIENTED_EDGE('',*,*,#53,.T.);
#163 = ORIENTED_EDGE('',*,*,#115,.T.);
#164 = ORIENTED_EDGE('',*,*,#165,.T.);
#165 = EDGE_CURVE('',#116,#166,#168,.T.);
#166 = VERTEX_POINT('',#167);
#167 = CARTESIAN_POINT('',(2.25,4.5,9.));
#168 = LINE('',#169,#170);
#169 = CARTESIAN_POINT('',(14.,4.5,9.));
#170 = VECTOR('',#171,1.);
#171 = DIRECTION('',(-1.,0.,0.));
#172 = ORIENTED_EDGE('',*,*,#173,.F.);
#173 = EDGE_CURVE('',#174,#166,#176,.T.);
#174 = VERTEX_POINT('',#175);
#175 = CARTESIAN_POINT('',(2.25,3.5,9.));
#176 = LINE('',#177,#178);
#177 = CARTESIAN_POINT('',(2.25,0.,9.));
#178 = VECTOR('',#179,1.);
#179 = DIRECTION('',(0.,1.,0.));
#180 = ORIENTED_EDGE('',*,*,#181,.F.);
#181 = EDGE_CURVE('',#182,#174,#184,.T.);
#182 = VERTEX_POINT('',#183);
#183 = CARTESIAN_POINT('',(13.,3.5,9.));
#184 = LINE('',#185,#186);
#185 = CARTESIAN_POINT('',(14.,3.5,9.));
#186 = VECTOR('',#187,1.);
#187 = DIRECTION('',(-1.,0.,0.));
#188 = ORIENTED_EDGE('',*,*,#189,.F.);
#189 = EDGE_CURVE('',#190,#182,#192,.T.);
#190 = VERTEX_POINT('',#191);
#191 = CARTESIAN_POINT('',(13.,-3.5,9.));
#192 = LINE('',#193,#194);
#193 = CARTESIAN_POINT('',(13.,-4.5,9.));
#194 = VECTOR('',#195,1.);
#195 = DIRECTION('',(0.,1.,0.));
#196 = ORIENTED_EDGE('',*,*,#197,.F.);
#197 = EDGE_CURVE('',#198,#190,#200,.T.);
#198 = VERTEX_POINT('',#199);
#199 = CARTESIAN_POINT('',(-13.,-3.5,9.));
#200 = LINE('',#201,#202);
#201 = CARTESIAN_POINT('',(-14.,-3.5,9.));
#202 = VECTOR('',#203,1.);
#203 = DIRECTION('',(1.,0.,0.));
#204 = ORIENTED_EDGE('',*,*,#205,.F.);
#205 = EDGE_CURVE('',#206,#198,#208,.T.);
#206 = VERTEX_POINT('',#207);
#207 = CARTESIAN_POINT('',(-13.,3.5,9.));
#208 = LINE('',#209,#210);
#209 = CARTESIAN_POINT('',(-13.,4.5,9.));
#210 = VECTOR('',#211,1.);
#211 = DIRECTION('',(0.,-1.,0.));
#212 = ORIENTED_EDGE('',*,*,#213,.F.);
#213 = EDGE_CURVE('',#214,#206,#216,.T.);
#214 = VERTEX_POINT('',#215);
#215 = CARTESIAN_POINT('',(-2.25,3.5,9.));
#216 = LINE('',#217,#218);
#217 = CARTESIAN_POINT('',(14.,3.5,9.));
#218 = VECTOR('',#219,1.);
#219 = DIRECTION('',(-1.,0.,0.));
#220 = ORIENTED_EDGE('',*,*,#221,.T.);
#221 = EDGE_CURVE('',#214,#222,#224,.T.);
#222 = VERTEX_POINT('',#223);
#223 = CARTESIAN_POINT('',(-2.25,4.5,9.));
#224 = LINE('',#225,#226);
#225 = CARTESIAN_POINT('',(-2.25,0.,9.));
#226 = VECTOR('',#227,1.);
#227 = DIRECTION('',(0.,1.,0.));
#228 = ORIENTED_EDGE('',*,*,#229,.T.);
#229 = EDGE_CURVE('',#222,#86,#230,.T.);
#230 = LINE('',#231,#232);
#231 = CARTESIAN_POINT('',(14.,4.5,9.));
#232 = VECTOR('',#233,1.);
#233 = DIRECTION('',(-1.,0.,0.));
#234 = PLANE('',#235);
#235 = AXIS2_PLACEMENT_3D('',#236,#237,#238);
#236 = CARTESIAN_POINT('',(0.,0.,9.));
#237 = DIRECTION('',(0.,0.,1.));
#238 = DIRECTION('',(1.,0.,0.));
#239 = ADVANCED_FACE('',(#240),#269,.F.);
#240 = FACE_BOUND('',#241,.F.);
#241 = EDGE_LOOP('',(#242,#243,#244,#245,#253,#261,#267,#268));
#242 = ORIENTED_EDGE('',*,*,#147,.F.);
#243 = ORIENTED_EDGE('',*,*,#123,.T.);
#244 = ORIENTED_EDGE('',*,*,#165,.T.);
#245 = ORIENTED_EDGE('',*,*,#246,.F.);
#246 = EDGE_CURVE('',#247,#166,#249,.T.);
#247 = VERTEX_POINT('',#248);
#248 = CARTESIAN_POINT('',(2.25,4.5,2.));
#249 = LINE('',#250,#251);
#250 = CARTESIAN_POINT('',(2.25,4.5,1.));
#251 = VECTOR('',#252,1.);
#252 = DIRECTION('',(0.,0.,1.));
#253 = ORIENTED_EDGE('',*,*,#254,.T.);
#254 = EDGE_CURVE('',#247,#255,#257,.T.);
#255 = VERTEX_POINT('',#256);
#256 = CARTESIAN_POINT('',(-2.25,4.5,2.));
#257 = LINE('',#258,#259);
#258 = CARTESIAN_POINT('',(5.875,4.5,2.));
#259 = VECTOR('',#260,1.);
#260 = DIRECTION('',(-1.,0.,0.));
#261 = ORIENTED_EDGE('',*,*,#262,.T.);
#262 = EDGE_CURVE('',#255,#222,#263,.T.);
#263 = LINE('',#264,#265);
#264 = CARTESIAN_POINT('',(-2.25,4.5,1.));
#265 = VECTOR('',#266,1.);
#266 = DIRECTION('',(0.,0.,1.));
#267 = ORIENTED_EDGE('',*,*,#229,.T.);
#268 = ORIENTED_EDGE('',*,*,#83,.F.);
#269 = PLANE('',#270);
#270 = AXIS2_PLACEMENT_3D('',#271,#272,#273);
#271 = CARTESIAN_POINT('',(14.,4.5,0.));
#272 = DIRECTION('',(0.,-1.,0.));
#273 = DIRECTION('',(-1.,0.,0.));
#274 = ADVANCED_FACE('',(#275),#293,.T.);
#275 = FACE_BOUND('',#276,.T.);
#276 = EDGE_LOOP('',(#277,#285,#291,#292));
#277 = ORIENTED_EDGE('',*,*,#278,.F.);
#278 = EDGE_CURVE('',#279,#214,#281,.T.);
#279 = VERTEX_POINT('',#280);
#280 = CARTESIAN_POINT('',(-2.25,3.5,2.));
#281 = LINE('',#282,#283);
#282 = CARTESIAN_POINT('',(-2.25,3.5,1.));
#283 = VECTOR('',#284,1.);
#284 = DIRECTION('',(0.,0.,1.));
#285 = ORIENTED_EDGE('',*,*,#286,.T.);
#286 = EDGE_CURVE('',#279,#255,#287,.T.);
#287 = LINE('',#288,#289);
#288 = CARTESIAN_POINT('',(-2.25,0.,2.));
#289 = VECTOR('',#290,1.);
#290 = DIRECTION('',(0.,1.,0.));
#291 = ORIENTED_EDGE('',*,*,#262,.T.);
#292 = ORIENTED_EDGE('',*,*,#221,.F.);
#293 = PLANE('',#294);
#294 = AXIS2_PLACEMENT_3D('',#295,#296,#297);
#295 = CARTESIAN_POINT('',(-2.25,0.,2.));
#296 = DIRECTION('',(1.,0.,0.));
#297 = DIRECTION('',(0.,0.,1.));
#298 = ADVANCED_FACE('',(#299),#340,.T.);
#299 = FACE_BOUND('',#300,.T.);
#300 = EDGE_LOOP('',(#301,#309,#310,#318,#324,#325,#326,#334));
#301 = ORIENTED_EDGE('',*,*,#302,.T.);
#302 = EDGE_CURVE('',#303,#182,#305,.T.);
#303 = VERTEX_POINT('',#304);
#304 = CARTESIAN_POINT('',(13.,3.5,1.));
#305 = LINE('',#306,#307);
#306 = CARTESIAN_POINT('',(13.,3.5,0.));
#307 = VECTOR('',#308,1.);
#308 = DIRECTION('',(0.,0.,1.));
#309 = ORIENTED_EDGE('',*,*,#181,.T.);
#310 = ORIENTED_EDGE('',*,*,#311,.F.);
#311 = EDGE_CURVE('',#312,#174,#314,.T.);
#312 = VERTEX_POINT('',#313);
#313 = CARTESIAN_POINT('',(2.25,3.5,2.));
#314 = LINE('',#315,#316);
#315 = CARTESIAN_POINT('',(2.25,3.5,1.));
#316 = VECTOR('',#317,1.);
#317 = DIRECTION('',(0.,0.,1.));
#318 = ORIENTED_EDGE('',*,*,#319,.T.);
#319 = EDGE_CURVE('',#312,#279,#320,.T.);
#320 = LINE('',#321,#322);
#321 = CARTESIAN_POINT('',(5.875,3.5,2.));
#322 = VECTOR('',#323,1.);
#323 = DIRECTION('',(-1.,0.,0.));
#324 = ORIENTED_EDGE('',*,*,#278,.T.);
#325 = ORIENTED_EDGE('',*,*,#213,.T.);
#326 = ORIENTED_EDGE('',*,*,#327,.F.);
#327 = EDGE_CURVE('',#328,#206,#330,.T.);
#328 = VERTEX_POINT('',#329);
#329 = CARTESIAN_POINT('',(-13.,3.5,1.));
#330 = LINE('',#331,#332);
#331 = CARTESIAN_POINT('',(-13.,3.5,0.));
#332 = VECTOR('',#333,1.);
#333 = DIRECTION('',(0.,0.,1.));
#334 = ORIENTED_EDGE('',*,*,#335,.F.);
#335 = EDGE_CURVE('',#303,#328,#336,.T.);
#336 = LINE('',#337,#338);
#337 = CARTESIAN_POINT('',(7.,3.5,1.));
#338 = VECTOR('',#339,1.);
#339 = DIRECTION('',(-1.,0.,0.));
#340 = PLANE('',#341);
#341 = AXIS2_PLACEMENT_3D('',#342,#343,#344);
#342 = CARTESIAN_POINT('',(14.,3.5,0.));
#343 = DIRECTION('',(0.,-1.,0.));
#344 = DIRECTION('',(-1.,0.,0.));
#345 = ADVANCED_FACE('',(#346),#364,.T.);
#346 = FACE_BOUND('',#347,.T.);
#347 = EDGE_LOOP('',(#348,#349,#357,#363));
#348 = ORIENTED_EDGE('',*,*,#205,.T.);
#349 = ORIENTED_EDGE('',*,*,#350,.T.);
#350 = EDGE_CURVE('',#198,#351,#353,.T.);
#351 = VERTEX_POINT('',#352);
#352 = CARTESIAN_POINT('',(-13.,-3.5,1.));
#353 = LINE('',#354,#355);
#354 = CARTESIAN_POINT('',(-13.,-3.5,0.));
#355 = VECTOR('',#356,1.);
#356 = DIRECTION('',(0.,0.,-1.));
#357 = ORIENTED_EDGE('',*,*,#358,.F.);
#358 = EDGE_CURVE('',#328,#351,#359,.T.);
#359 = LINE('',#360,#361);
#360 = CARTESIAN_POINT('',(-13.,2.25,1.));
#361 = VECTOR('',#362,1.);
#362 = DIRECTION('',(0.,-1.,0.));
#363 = ORIENTED_EDGE('',*,*,#327,.T.);
#364 = PLANE('',#365);
#365 = AXIS2_PLACEMENT_3D('',#366,#367,#368);
#366 = CARTESIAN_POINT('',(-13.,4.5,0.));
#367 = DIRECTION('',(1.,0.,0.));
#368 = DIRECTION('',(0.,-1.,0.));
#369 = ADVANCED_FACE('',(#370),#388,.T.);
#370 = FACE_BOUND('',#371,.T.);
#371 = EDGE_LOOP('',(#372,#373,#381,#387));
#372 = ORIENTED_EDGE('',*,*,#197,.T.);
#373 = ORIENTED_EDGE('',*,*,#374,.F.);
#374 = EDGE_CURVE('',#375,#190,#377,.T.);
#375 = VERTEX_POINT('',#376);
#376 = CARTESIAN_POINT('',(13.,-3.5,1.));
#377 = LINE('',#378,#379);
#378 = CARTESIAN_POINT('',(13.,-3.5,0.));
#379 = VECTOR('',#380,1.);
#380 = DIRECTION('',(0.,0.,1.));
#381 = ORIENTED_EDGE('',*,*,#382,.F.);
#382 = EDGE_CURVE('',#351,#375,#383,.T.);
#383 = LINE('',#384,#385);
#384 = CARTESIAN_POINT('',(-7.,-3.5,1.));
#385 = VECTOR('',#386,1.);
#386 = DIRECTION('',(1.,0.,0.));
#387 = ORIENTED_EDGE('',*,*,#350,.F.);
#388 = PLANE('',#389);
#389 = AXIS2_PLACEMENT_3D('',#390,#391,#392);
#390 = CARTESIAN_POINT('',(-14.,-3.5,0.));
#391 = DIRECTION('',(0.,1.,0.));
#392 = DIRECTION('',(1.,0.,0.));
#393 = ADVANCED_FACE('',(#394),#405,.T.);
#394 = FACE_BOUND('',#395,.T.);
#395 = EDGE_LOOP('',(#396,#397,#398,#404));
#396 = ORIENTED_EDGE('',*,*,#189,.T.);
#397 = ORIENTED_EDGE('',*,*,#302,.F.);
#398 = ORIENTED_EDGE('',*,*,#399,.F.);
#399 = EDGE_CURVE('',#375,#303,#400,.T.);
#400 = LINE('',#401,#402);
#401 = CARTESIAN_POINT('',(13.,-2.25,1.));
#402 = VECTOR('',#403,1.);
#403 = DIRECTION('',(0.,1.,0.));
#404 = ORIENTED_EDGE('',*,*,#374,.T.);
#405 = PLANE('',#406);
#406 = AXIS2_PLACEMENT_3D('',#407,#408,#409);
#407 = CARTESIAN_POINT('',(13.,-4.5,0.));
#408 = DIRECTION('',(-1.,0.,0.));
#409 = DIRECTION('',(0.,1.,0.));
#410 = ADVANCED_FACE('',(#411),#422,.F.);
#411 = FACE_BOUND('',#412,.F.);
#412 = EDGE_LOOP('',(#413,#414,#420,#421));
#413 = ORIENTED_EDGE('',*,*,#311,.F.);
#414 = ORIENTED_EDGE('',*,*,#415,.T.);
#415 = EDGE_CURVE('',#312,#247,#416,.T.);
#416 = LINE('',#417,#418);
#417 = CARTESIAN_POINT('',(2.25,0.,2.));
#418 = VECTOR('',#419,1.);
#419 = DIRECTION('',(0.,1.,0.));
#420 = ORIENTED_EDGE('',*,*,#246,.T.);
#421 = ORIENTED_EDGE('',*,*,#173,.F.);
#422 = PLANE('',#423);
#423 = AXIS2_PLACEMENT_3D('',#424,#425,#426);
#424 = CARTESIAN_POINT('',(2.25,0.,2.));
#425 = DIRECTION('',(1.,0.,0.));
#426 = DIRECTION('',(0.,0.,1.));
#427 = ADVANCED_FACE('',(#428),#434,.T.);
#428 = FACE_BOUND('',#429,.T.);
#429 = EDGE_LOOP('',(#430,#431,#432,#433));
#430 = ORIENTED_EDGE('',*,*,#286,.F.);
#431 = ORIENTED_EDGE('',*,*,#319,.F.);
#432 = ORIENTED_EDGE('',*,*,#415,.T.);
#433 = ORIENTED_EDGE('',*,*,#254,.T.);
#434 = PLANE('',#435);
#435 = AXIS2_PLACEMENT_3D('',#436,#437,#438);
#436 = CARTESIAN_POINT('',(-2.25,0.,2.));
#437 = DIRECTION('',(0.,0.,1.));
#438 = DIRECTION('',(1.,0.,0.));
#439 = ADVANCED_FACE('',(#440),#446,.T.);
#440 = FACE_BOUND('',#441,.T.);
#441 = EDGE_LOOP('',(#442,#443,#444,#445));
#442 = ORIENTED_EDGE('',*,*,#382,.T.);
#443 = ORIENTED_EDGE('',*,*,#399,.T.);
#444 = ORIENTED_EDGE('',*,*,#335,.T.);
#445 = ORIENTED_EDGE('',*,*,#358,.T.);
#446 = PLANE('',#447);
#447 = AXIS2_PLACEMENT_3D('',#448,#449,#450);
#448 = CARTESIAN_POINT('',(0.,0.,1.));
#449 = DIRECTION('',(0.,0.,1.));
#450 = DIRECTION('',(1.,0.,0.));
#451 = ( GEOMETRIC_REPRESENTATION_CONTEXT(3) 
GLOBAL_UNCERTAINTY_ASSIGNED_CONTEXT((#455)) GLOBAL_UNIT_ASSIGNED_CONTEXT
((#452,#453,#454)) REPRESENTATION_CONTEXT('Context #1',
  '3D Context with UNIT and UNCERTAINTY') );
#452 = ( LENGTH_UNIT() NAMED_UNIT(*) SI_UNIT(.MILLI.,.METRE.) );
#453 = ( NAMED_UNIT(*) PLANE_ANGLE_UNIT() SI_UNIT($,.RADIAN.) );
#454 = ( NAMED_UNIT(*) SI_UNIT($,.STERADIAN.) SOLID_ANGLE_UNIT() );
#455 = UNCERTAINTY_MEASURE_WITH_UNIT(LENGTH_MEASURE(5.E-06),#452,
  'distance_accuracy_value','confusion accuracy');
#456 = CONTEXT_DEPENDENT_SHAPE_REPRESENTATION(#457,#459);
#457 = ( REPRESENTATION_RELATIONSHIP('','',#36,#10) 
REPRESENTATION_RELATIONSHIP_WITH_TRANSFORMATION(#458) 
SHAPE_REPRESENTATION_RELATIONSHIP() );
#458 = ITEM_DEFINED_TRANSFORMATION('','',#11,#15);
#459 = PRODUCT_DEFINITION_SHAPE('Placement','Placement of an item',#460
  );
#460 = NEXT_ASSEMBLY_USAGE_OCCURRENCE('10','Body','',#5,#31,$);
#461 = PRODUCT_RELATED_PRODUCT_CATEGORY('part',$,(#33));
#462 = SHAPE_DEFINITION_REPRESENTATION(#463,#469);
#463 = PRODUCT_DEFINITION_SHAPE('','',#464);
#464 = PRODUCT_DEFINITION('design','',#465,#468);
#465 = PRODUCT_DEFINITION_FORMATION('','',#466);
#466 = PRODUCT('legs','legs','',(#467));
#467 = PRODUCT_CONTEXT('',#2,'mechanical');
#468 = PRODUCT_DEFINITION_CONTEXT('part definition',#2,'design');
#469 = SHAPE_REPRESENTATION('',(#11,#470,#812,#1154,#1496,#1838,#2180,
    #2522,#2864,#3206,#3548,#3890,#4232,#4574,#4916,#5258,#5600),#5942);
#470 = MANIFOLD_SOLID_BREP('',#471);
#471 = CLOSED_SHELL('',(#472,#512,#543,#574,#605,#636,#658,#682,#706,
    #730,#747,#771,#788,#800));
#472 = ADVANCED_FACE('',(#473),#507,.F.);
#473 = FACE_BOUND('',#474,.F.);
#474 = EDGE_LOOP('',(#475,#485,#493,#501));
#475 = ORIENTED_EDGE('',*,*,#476,.T.);
#476 = EDGE_CURVE('',#477,#479,#481,.T.);
#477 = VERTEX_POINT('',#478);
#478 = CARTESIAN_POINT('',(-0.4,-0.4,0.2));
#479 = VERTEX_POINT('',#480);
#480 = CARTESIAN_POINT('',(-0.4,-0.4,11.8));
#481 = LINE('',#482,#483);
#482 = CARTESIAN_POINT('',(-0.4,-0.4,0.));
#483 = VECTOR('',#484,1.);
#484 = DIRECTION('',(0.,0.,1.));
#485 = ORIENTED_EDGE('',*,*,#486,.T.);
#486 = EDGE_CURVE('',#479,#487,#489,.T.);
#487 = VERTEX_POINT('',#488);
#488 = CARTESIAN_POINT('',(0.4,-0.4,11.8));
#489 = LINE('',#490,#491);
#490 = CARTESIAN_POINT('',(-0.4,-0.4,11.8));
#491 = VECTOR('',#492,1.);
#492 = DIRECTION('',(1.,0.,0.));
#493 = ORIENTED_EDGE('',*,*,#494,.F.);
#494 = EDGE_CURVE('',#495,#487,#497,.T.);
#495 = VERTEX_POINT('',#496);
#496 = CARTESIAN_POINT('',(0.4,-0.4,0.2));
#497 = LINE('',#498,#499);
#498 = CARTESIAN_POINT('',(0.4,-0.4,0.));
#499 = VECTOR('',#500,1.);
#500 = DIRECTION('',(0.,0.,1.));
#501 = ORIENTED_EDGE('',*,*,#502,.F.);
#502 = EDGE_CURVE('',#477,#495,#503,.T.);
#503 = LINE('',#504,#505);
#504 = CARTESIAN_POINT('',(-0.4,-0.4,0.2));
#505 = VECTOR('',#506,1.);
#506 = DIRECTION('',(1.,0.,0.));
#507 = PLANE('',#508);
#508 = AXIS2_PLACEMENT_3D('',#509,#510,#511);
#509 = CARTESIAN_POINT('',(-0.4,-0.4,0.));
#510 = DIRECTION('',(0.,1.,0.));
#511 = DIRECTION('',(1.,0.,0.));
#512 = ADVANCED_FACE('',(#513),#538,.F.);
#513 = FACE_BOUND('',#514,.F.);
#514 = EDGE_LOOP('',(#515,#525,#531,#532));
#515 = ORIENTED_EDGE('',*,*,#516,.T.);
#516 = EDGE_CURVE('',#517,#519,#521,.T.);
#517 = VERTEX_POINT('',#518);
#518 = CARTESIAN_POINT('',(-0.4,0.4,0.2));
#519 = VERTEX_POINT('',#520);
#520 = CARTESIAN_POINT('',(-0.4,0.4,11.8));
#521 = LINE('',#522,#523);
#522 = CARTESIAN_POINT('',(-0.4,0.4,0.));
#523 = VECTOR('',#524,1.);
#524 = DIRECTION('',(0.,0.,1.));
#525 = ORIENTED_EDGE('',*,*,#526,.T.);
#526 = EDGE_CURVE('',#519,#479,#527,.T.);
#527 = LINE('',#528,#529);
#528 = CARTESIAN_POINT('',(-0.4,0.4,11.8));
#529 = VECTOR('',#530,1.);
#530 = DIRECTION('',(0.,-1.,0.));
#531 = ORIENTED_EDGE('',*,*,#476,.F.);
#532 = ORIENTED_EDGE('',*,*,#533,.F.);
#533 = EDGE_CURVE('',#517,#477,#534,.T.);
#534 = LINE('',#535,#536);
#535 = CARTESIAN_POINT('',(-0.4,0.4,0.2));
#536 = VECTOR('',#537,1.);
#537 = DIRECTION('',(0.,-1.,0.));
#538 = PLANE('',#539);
#539 = AXIS2_PLACEMENT_3D('',#540,#541,#542);
#540 = CARTESIAN_POINT('',(-0.4,0.4,0.));
#541 = DIRECTION('',(1.,0.,0.));
#542 = DIRECTION('',(0.,-1.,0.));
#543 = ADVANCED_FACE('',(#544),#569,.T.);
#544 = FACE_BOUND('',#545,.F.);
#545 = EDGE_LOOP('',(#546,#554,#555,#563));
#546 = ORIENTED_EDGE('',*,*,#547,.F.);
#547 = EDGE_CURVE('',#477,#548,#550,.T.);
#548 = VERTEX_POINT('',#549);
#549 = CARTESIAN_POINT('',(-0.2,-0.2,-1.387778780781E-17));
#550 = LINE('',#551,#552);
#551 = CARTESIAN_POINT('',(-0.2,-0.2,-8.326672684689E-17));
#552 = VECTOR('',#553,1.);
#553 = DIRECTION('',(0.57735026919,0.57735026919,-0.57735026919));
#554 = ORIENTED_EDGE('',*,*,#502,.T.);
#555 = ORIENTED_EDGE('',*,*,#556,.T.);
#556 = EDGE_CURVE('',#495,#557,#559,.T.);
#557 = VERTEX_POINT('',#558);
#558 = CARTESIAN_POINT('',(0.2,-0.2,-1.387778780781E-17));
#559 = LINE('',#560,#561);
#560 = CARTESIAN_POINT('',(0.2,-0.2,-8.326672684689E-17));
#561 = VECTOR('',#562,1.);
#562 = DIRECTION('',(-0.57735026919,0.57735026919,-0.57735026919));
#563 = ORIENTED_EDGE('',*,*,#564,.F.);
#564 = EDGE_CURVE('',#548,#557,#565,.T.);
#565 = LINE('',#566,#567);
#566 = CARTESIAN_POINT('',(-0.4,-0.2,0.));
#567 = VECTOR('',#568,1.);
#568 = DIRECTION('',(1.,0.,0.));
#569 = PLANE('',#570);
#570 = AXIS2_PLACEMENT_3D('',#571,#572,#573);
#571 = CARTESIAN_POINT('',(-0.4,-0.3,0.1));
#572 = DIRECTION('',(0.,-0.707106781187,-0.707106781187));
#573 = DIRECTION('',(-1.,-0.,-0.));
#574 = ADVANCED_FACE('',(#575),#600,.F.);
#575 = FACE_BOUND('',#576,.T.);
#576 = EDGE_LOOP('',(#577,#585,#586,#594));
#577 = ORIENTED_EDGE('',*,*,#578,.F.);
#578 = EDGE_CURVE('',#479,#579,#581,.T.);
#579 = VERTEX_POINT('',#580);
#580 = CARTESIAN_POINT('',(-0.2,-0.2,12.));
#581 = LINE('',#582,#583);
#582 = CARTESIAN_POINT('',(-0.2,-0.2,12.));
#583 = VECTOR('',#584,1.);
#584 = DIRECTION('',(0.57735026919,0.57735026919,0.57735026919));
#585 = ORIENTED_EDGE('',*,*,#486,.T.);
#586 = ORIENTED_EDGE('',*,*,#587,.T.);
#587 = EDGE_CURVE('',#487,#588,#590,.T.);
#588 = VERTEX_POINT('',#589);
#589 = CARTESIAN_POINT('',(0.2,-0.2,12.));
#590 = LINE('',#591,#592);
#591 = CARTESIAN_POINT('',(0.2,-0.2,12.));
#592 = VECTOR('',#593,1.);
#593 = DIRECTION('',(-0.57735026919,0.57735026919,0.57735026919));
#594 = ORIENTED_EDGE('',*,*,#595,.F.);
#595 = EDGE_CURVE('',#579,#588,#596,.T.);
#596 = LINE('',#597,#598);
#597 = CARTESIAN_POINT('',(-0.4,-0.2,12.));
#598 = VECTOR('',#599,1.);
#599 = DIRECTION('',(1.,0.,0.));
#600 = PLANE('',#601);
#601 = AXIS2_PLACEMENT_3D('',#602,#603,#604);
#602 = CARTESIAN_POINT('',(-0.4,-0.3,11.9));
#603 = DIRECTION('',(1.735417226645E-18,0.707106781187,-0.707106781187)
  );
#604 = DIRECTION('',(-1.,1.227125289148E-18,-1.227125289148E-18));
#605 = ADVANCED_FACE('',(#606),#631,.F.);
#606 = FACE_BOUND('',#607,.F.);
#607 = EDGE_LOOP('',(#608,#609,#617,#625));
#608 = ORIENTED_EDGE('',*,*,#494,.T.);
#609 = ORIENTED_EDGE('',*,*,#610,.T.);
#610 = EDGE_CURVE('',#487,#611,#613,.T.);
#611 = VERTEX_POINT('',#612);
#612 = CARTESIAN_POINT('',(0.4,0.4,11.8));
#613 = LINE('',#614,#615);
#614 = CARTESIAN_POINT('',(0.4,-0.4,11.8));
#615 = VECTOR('',#616,1.);
#616 = DIRECTION('',(0.,1.,0.));
#617 = ORIENTED_EDGE('',*,*,#618,.F.);
#618 = EDGE_CURVE('',#619,#611,#621,.T.);
#619 = VERTEX_POINT('',#620);
#620 = CARTESIAN_POINT('',(0.4,0.4,0.2));
#621 = LINE('',#622,#623);
#622 = CARTESIAN_POINT('',(0.4,0.4,0.));
#623 = VECTOR('',#624,1.);
#624 = DIRECTION('',(0.,0.,1.));
#625 = ORIENTED_EDGE('',*,*,#626,.F.);
#626 = EDGE_CURVE('',#495,#619,#627,.T.);
#627 = LINE('',#628,#629);
#628 = CARTESIAN_POINT('',(0.4,-0.4,0.2));
#629 = VECTOR('',#630,1.);
#630 = DIRECTION('',(0.,1.,0.));
#631 = PLANE('',#632);
#632 = AXIS2_PLACEMENT_3D('',#633,#634,#635);
#633 = CARTESIAN_POINT('',(0.4,-0.4,0.));
#634 = DIRECTION('',(-1.,0.,0.));
#635 = DIRECTION('',(0.,1.,0.));
#636 = ADVANCED_FACE('',(#637),#653,.F.);
#637 = FACE_BOUND('',#638,.F.);
#638 = EDGE_LOOP('',(#639,#640,#646,#647));
#639 = ORIENTED_EDGE('',*,*,#618,.T.);
#640 = ORIENTED_EDGE('',*,*,#641,.T.);
#641 = EDGE_CURVE('',#611,#519,#642,.T.);
#642 = LINE('',#643,#644);
#643 = CARTESIAN_POINT('',(0.4,0.4,11.8));
#644 = VECTOR('',#645,1.);
#645 = DIRECTION('',(-1.,0.,0.));
#646 = ORIENTED_EDGE('',*,*,#516,.F.);
#647 = ORIENTED_EDGE('',*,*,#648,.F.);
#648 = EDGE_CURVE('',#619,#517,#649,.T.);
#649 = LINE('',#650,#651);
#650 = CARTESIAN_POINT('',(0.4,0.4,0.2));
#651 = VECTOR('',#652,1.);
#652 = DIRECTION('',(-1.,0.,0.));
#653 = PLANE('',#654);
#654 = AXIS2_PLACEMENT_3D('',#655,#656,#657);
#655 = CARTESIAN_POINT('',(0.4,0.4,0.));
#656 = DIRECTION('',(0.,-1.,0.));
#657 = DIRECTION('',(-1.,0.,0.));
#658 = ADVANCED_FACE('',(#659),#677,.T.);
#659 = FACE_BOUND('',#660,.F.);
#660 = EDGE_LOOP('',(#661,#669,#670,#671));
#661 = ORIENTED_EDGE('',*,*,#662,.T.);
#662 = EDGE_CURVE('',#663,#517,#665,.T.);
#663 = VERTEX_POINT('',#664);
#664 = CARTESIAN_POINT('',(-0.2,0.2,-1.387778780781E-17));
#665 = LINE('',#666,#667);
#666 = CARTESIAN_POINT('',(-0.2,0.2,-8.326672684689E-17));
#667 = VECTOR('',#668,1.);
#668 = DIRECTION('',(-0.57735026919,0.57735026919,0.57735026919));
#669 = ORIENTED_EDGE('',*,*,#533,.T.);
#670 = ORIENTED_EDGE('',*,*,#547,.T.);
#671 = ORIENTED_EDGE('',*,*,#672,.F.);
#672 = EDGE_CURVE('',#663,#548,#673,.T.);
#673 = LINE('',#674,#675);
#674 = CARTESIAN_POINT('',(-0.2,0.4,0.));
#675 = VECTOR('',#676,1.);
#676 = DIRECTION('',(0.,-1.,0.));
#677 = PLANE('',#678);
#678 = AXIS2_PLACEMENT_3D('',#679,#680,#681);
#679 = CARTESIAN_POINT('',(-0.3,0.4,0.1));
#680 = DIRECTION('',(-0.707106781187,0.,-0.707106781187));
#681 = DIRECTION('',(0.,1.,0.));
#682 = ADVANCED_FACE('',(#683),#701,.F.);
#683 = FACE_BOUND('',#684,.T.);
#684 = EDGE_LOOP('',(#685,#693,#694,#695));
#685 = ORIENTED_EDGE('',*,*,#686,.F.);
#686 = EDGE_CURVE('',#519,#687,#689,.T.);
#687 = VERTEX_POINT('',#688);
#688 = CARTESIAN_POINT('',(-0.2,0.2,12.));
#689 = LINE('',#690,#691);
#690 = CARTESIAN_POINT('',(-0.2,0.2,12.));
#691 = VECTOR('',#692,1.);
#692 = DIRECTION('',(0.57735026919,-0.57735026919,0.57735026919));
#693 = ORIENTED_EDGE('',*,*,#526,.T.);
#694 = ORIENTED_EDGE('',*,*,#578,.T.);
#695 = ORIENTED_EDGE('',*,*,#696,.F.);
#696 = EDGE_CURVE('',#687,#579,#697,.T.);
#697 = LINE('',#698,#699);
#698 = CARTESIAN_POINT('',(-0.2,0.4,12.));
#699 = VECTOR('',#700,1.);
#700 = DIRECTION('',(0.,-1.,0.));
#701 = PLANE('',#702);
#702 = AXIS2_PLACEMENT_3D('',#703,#704,#705);
#703 = CARTESIAN_POINT('',(-0.3,0.4,11.9));
#704 = DIRECTION('',(0.707106781187,-1.735417226645E-18,-0.707106781187)
  );
#705 = DIRECTION('',(1.227125289148E-18,1.,-1.227125289148E-18));
#706 = ADVANCED_FACE('',(#707),#725,.F.);
#707 = FACE_BOUND('',#708,.F.);
#708 = EDGE_LOOP('',(#709,#710,#718,#724));
#709 = ORIENTED_EDGE('',*,*,#564,.T.);
#710 = ORIENTED_EDGE('',*,*,#711,.T.);
#711 = EDGE_CURVE('',#557,#712,#714,.T.);
#712 = VERTEX_POINT('',#713);
#713 = CARTESIAN_POINT('',(0.2,0.2,-1.387778780781E-17));
#714 = LINE('',#715,#716);
#715 = CARTESIAN_POINT('',(0.2,-0.4,0.));
#716 = VECTOR('',#717,1.);
#717 = DIRECTION('',(0.,1.,0.));
#718 = ORIENTED_EDGE('',*,*,#719,.T.);
#719 = EDGE_CURVE('',#712,#663,#720,.T.);
#720 = LINE('',#721,#722);
#721 = CARTESIAN_POINT('',(0.4,0.2,0.));
#722 = VECTOR('',#723,1.);
#723 = DIRECTION('',(-1.,0.,0.));
#724 = ORIENTED_EDGE('',*,*,#672,.T.);
#725 = PLANE('',#726);
#726 = AXIS2_PLACEMENT_3D('',#727,#728,#729);
#727 = CARTESIAN_POINT('',(0.,0.,0.));
#728 = DIRECTION('',(0.,0.,1.));
#729 = DIRECTION('',(1.,0.,0.));
#730 = ADVANCED_FACE('',(#731),#742,.T.);
#731 = FACE_BOUND('',#732,.T.);
#732 = EDGE_LOOP('',(#733,#734,#735,#741));
#733 = ORIENTED_EDGE('',*,*,#556,.T.);
#734 = ORIENTED_EDGE('',*,*,#711,.T.);
#735 = ORIENTED_EDGE('',*,*,#736,.T.);
#736 = EDGE_CURVE('',#712,#619,#737,.T.);
#737 = LINE('',#738,#739);
#738 = CARTESIAN_POINT('',(0.2,0.2,-8.326672684689E-17));
#739 = VECTOR('',#740,1.);
#740 = DIRECTION('',(0.57735026919,0.57735026919,0.57735026919));
#741 = ORIENTED_EDGE('',*,*,#626,.F.);
#742 = PLANE('',#743);
#743 = AXIS2_PLACEMENT_3D('',#744,#745,#746);
#744 = CARTESIAN_POINT('',(0.3,-0.4,0.1));
#745 = DIRECTION('',(0.707106781187,0.,-0.707106781187));
#746 = DIRECTION('',(0.,1.,0.));
#747 = ADVANCED_FACE('',(#748),#766,.T.);
#748 = FACE_BOUND('',#749,.T.);
#749 = EDGE_LOOP('',(#750,#751,#759,#765));
#750 = ORIENTED_EDGE('',*,*,#595,.T.);
#751 = ORIENTED_EDGE('',*,*,#752,.T.);
#752 = EDGE_CURVE('',#588,#753,#755,.T.);
#753 = VERTEX_POINT('',#754);
#754 = CARTESIAN_POINT('',(0.2,0.2,12.));
#755 = LINE('',#756,#757);
#756 = CARTESIAN_POINT('',(0.2,-0.4,12.));
#757 = VECTOR('',#758,1.);
#758 = DIRECTION('',(0.,1.,0.));
#759 = ORIENTED_EDGE('',*,*,#760,.T.);
#760 = EDGE_CURVE('',#753,#687,#761,.T.);
#761 = LINE('',#762,#763);
#762 = CARTESIAN_POINT('',(0.4,0.2,12.));
#763 = VECTOR('',#764,1.);
#764 = DIRECTION('',(-1.,0.,0.));
#765 = ORIENTED_EDGE('',*,*,#696,.T.);
#766 = PLANE('',#767);
#767 = AXIS2_PLACEMENT_3D('',#768,#769,#770);
#768 = CARTESIAN_POINT('',(0.,0.,12.));
#769 = DIRECTION('',(0.,0.,1.));
#770 = DIRECTION('',(1.,0.,0.));
#771 = ADVANCED_FACE('',(#772),#783,.F.);
#772 = FACE_BOUND('',#773,.T.);
#773 = EDGE_LOOP('',(#774,#775,#776,#782));
#774 = ORIENTED_EDGE('',*,*,#587,.F.);
#775 = ORIENTED_EDGE('',*,*,#610,.T.);
#776 = ORIENTED_EDGE('',*,*,#777,.T.);
#777 = EDGE_CURVE('',#611,#753,#778,.T.);
#778 = LINE('',#779,#780);
#779 = CARTESIAN_POINT('',(0.2,0.2,12.));
#780 = VECTOR('',#781,1.);
#781 = DIRECTION('',(-0.57735026919,-0.57735026919,0.57735026919));
#782 = ORIENTED_EDGE('',*,*,#752,.F.);
#783 = PLANE('',#784);
#784 = AXIS2_PLACEMENT_3D('',#785,#786,#787);
#785 = CARTESIAN_POINT('',(0.3,-0.4,11.9));
#786 = DIRECTION('',(-0.707106781187,1.735417226645E-18,-0.707106781187)
  );
#787 = DIRECTION('',(-1.227125289148E-18,-1.,-1.227125289148E-18));
#788 = ADVANCED_FACE('',(#789),#795,.T.);
#789 = FACE_BOUND('',#790,.T.);
#790 = EDGE_LOOP('',(#791,#792,#793,#794));
#791 = ORIENTED_EDGE('',*,*,#736,.F.);
#792 = ORIENTED_EDGE('',*,*,#719,.T.);
#793 = ORIENTED_EDGE('',*,*,#662,.T.);
#794 = ORIENTED_EDGE('',*,*,#648,.F.);
#795 = PLANE('',#796);
#796 = AXIS2_PLACEMENT_3D('',#797,#798,#799);
#797 = CARTESIAN_POINT('',(0.4,0.3,0.1));
#798 = DIRECTION('',(0.,0.707106781187,-0.707106781187));
#799 = DIRECTION('',(-1.,0.,0.));
#800 = ADVANCED_FACE('',(#801),#807,.F.);
#801 = FACE_BOUND('',#802,.T.);
#802 = EDGE_LOOP('',(#803,#804,#805,#806));
#803 = ORIENTED_EDGE('',*,*,#777,.F.);
#804 = ORIENTED_EDGE('',*,*,#641,.T.);
#805 = ORIENTED_EDGE('',*,*,#686,.T.);
#806 = ORIENTED_EDGE('',*,*,#760,.F.);
#807 = PLANE('',#808);
#808 = AXIS2_PLACEMENT_3D('',#809,#810,#811);
#809 = CARTESIAN_POINT('',(0.4,0.3,11.9));
#810 = DIRECTION('',(-1.735417226645E-18,-0.707106781187,-0.707106781187
    ));
#811 = DIRECTION('',(1.,-1.227125289148E-18,-1.227125289148E-18));
#812 = MANIFOLD_SOLID_BREP('',#813);
#813 = CLOSED_SHELL('',(#814,#854,#885,#916,#947,#978,#1000,#1024,#1048,
    #1072,#1089,#1113,#1130,#1142));
#814 = ADVANCED_FACE('',(#815),#849,.F.);
#815 = FACE_BOUND('',#816,.F.);
#816 = EDGE_LOOP('',(#817,#827,#835,#843));
#817 = ORIENTED_EDGE('',*,*,#818,.T.);
#818 = EDGE_CURVE('',#819,#821,#823,.T.);
#819 = VERTEX_POINT('',#820);
#820 = CARTESIAN_POINT('',(-0.4,2.14,0.2));
#821 = VERTEX_POINT('',#822);
#822 = CARTESIAN_POINT('',(-0.4,2.14,11.8));
#823 = LINE('',#824,#825);
#824 = CARTESIAN_POINT('',(-0.4,2.14,-2.819966482548E-16));
#825 = VECTOR('',#826,1.);
#826 = DIRECTION('',(0.,0.,1.));
#827 = ORIENTED_EDGE('',*,*,#828,.T.);
#828 = EDGE_CURVE('',#821,#829,#831,.T.);
#829 = VERTEX_POINT('',#830);
#830 = CARTESIAN_POINT('',(0.4,2.14,11.8));
#831 = LINE('',#832,#833);
#832 = CARTESIAN_POINT('',(-0.4,2.14,11.8));
#833 = VECTOR('',#834,1.);
#834 = DIRECTION('',(1.,0.,0.));
#835 = ORIENTED_EDGE('',*,*,#836,.F.);
#836 = EDGE_CURVE('',#837,#829,#839,.T.);
#837 = VERTEX_POINT('',#838);
#838 = CARTESIAN_POINT('',(0.4,2.14,0.2));
#839 = LINE('',#840,#841);
#840 = CARTESIAN_POINT('',(0.4,2.14,-2.819966482548E-16));
#841 = VECTOR('',#842,1.);
#842 = DIRECTION('',(0.,0.,1.));
#843 = ORIENTED_EDGE('',*,*,#844,.F.);
#844 = EDGE_CURVE('',#819,#837,#845,.T.);
#845 = LINE('',#846,#847);
#846 = CARTESIAN_POINT('',(-0.4,2.14,0.2));
#847 = VECTOR('',#848,1.);
#848 = DIRECTION('',(1.,0.,0.));
#849 = PLANE('',#850);
#850 = AXIS2_PLACEMENT_3D('',#851,#852,#853);
#851 = CARTESIAN_POINT('',(-0.4,2.14,-2.819966482548E-16));
#852 = DIRECTION('',(0.,1.,0.));
#853 = DIRECTION('',(1.,0.,0.));
#854 = ADVANCED_FACE('',(#855),#880,.F.);
#855 = FACE_BOUND('',#856,.F.);
#856 = EDGE_LOOP('',(#857,#867,#873,#874));
#857 = ORIENTED_EDGE('',*,*,#858,.T.);
#858 = EDGE_CURVE('',#859,#861,#863,.T.);
#859 = VERTEX_POINT('',#860);
#860 = CARTESIAN_POINT('',(-0.4,2.94,0.2));
#861 = VERTEX_POINT('',#862);
#862 = CARTESIAN_POINT('',(-0.4,2.94,11.8));
#863 = LINE('',#864,#865);
#864 = CARTESIAN_POINT('',(-0.4,2.94,-2.819966482548E-16));
#865 = VECTOR('',#866,1.);
#866 = DIRECTION('',(0.,0.,1.));
#867 = ORIENTED_EDGE('',*,*,#868,.T.);
#868 = EDGE_CURVE('',#861,#821,#869,.T.);
#869 = LINE('',#870,#871);
#870 = CARTESIAN_POINT('',(-0.4,2.94,11.8));
#871 = VECTOR('',#872,1.);
#872 = DIRECTION('',(0.,-1.,0.));
#873 = ORIENTED_EDGE('',*,*,#818,.F.);
#874 = ORIENTED_EDGE('',*,*,#875,.F.);
#875 = EDGE_CURVE('',#859,#819,#876,.T.);
#876 = LINE('',#877,#878);
#877 = CARTESIAN_POINT('',(-0.4,2.94,0.2));
#878 = VECTOR('',#879,1.);
#879 = DIRECTION('',(0.,-1.,0.));
#880 = PLANE('',#881);
#881 = AXIS2_PLACEMENT_3D('',#882,#883,#884);
#882 = CARTESIAN_POINT('',(-0.4,2.94,-2.819966482548E-16));
#883 = DIRECTION('',(1.,0.,0.));
#884 = DIRECTION('',(0.,-1.,0.));
#885 = ADVANCED_FACE('',(#886),#911,.T.);
#886 = FACE_BOUND('',#887,.F.);
#887 = EDGE_LOOP('',(#888,#896,#897,#905));
#888 = ORIENTED_EDGE('',*,*,#889,.F.);
#889 = EDGE_CURVE('',#819,#890,#892,.T.);
#890 = VERTEX_POINT('',#891);
#891 = CARTESIAN_POINT('',(-0.2,2.34,-2.958744360626E-16));
#892 = LINE('',#893,#894);
#893 = CARTESIAN_POINT('',(-0.2,2.34,-3.652633751017E-16));
#894 = VECTOR('',#895,1.);
#895 = DIRECTION('',(0.57735026919,0.57735026919,-0.57735026919));
#896 = ORIENTED_EDGE('',*,*,#844,.T.);
#897 = ORIENTED_EDGE('',*,*,#898,.T.);
#898 = EDGE_CURVE('',#837,#899,#901,.T.);
#899 = VERTEX_POINT('',#900);
#900 = CARTESIAN_POINT('',(0.2,2.34,-2.958744360626E-16));
#901 = LINE('',#902,#903);
#902 = CARTESIAN_POINT('',(0.2,2.34,-3.652633751017E-16));
#903 = VECTOR('',#904,1.);
#904 = DIRECTION('',(-0.57735026919,0.57735026919,-0.57735026919));
#905 = ORIENTED_EDGE('',*,*,#906,.F.);
#906 = EDGE_CURVE('',#890,#899,#907,.T.);
#907 = LINE('',#908,#909);
#908 = CARTESIAN_POINT('',(-0.4,2.34,-2.819966482548E-16));
#909 = VECTOR('',#910,1.);
#910 = DIRECTION('',(1.,0.,0.));
#911 = PLANE('',#912);
#912 = AXIS2_PLACEMENT_3D('',#913,#914,#915);
#913 = CARTESIAN_POINT('',(-0.4,2.24,1.E-01));
#914 = DIRECTION('',(0.,-0.707106781187,-0.707106781187));
#915 = DIRECTION('',(-1.,-0.,-0.));
#916 = ADVANCED_FACE('',(#917),#942,.F.);
#917 = FACE_BOUND('',#918,.T.);
#918 = EDGE_LOOP('',(#919,#927,#928,#936));
#919 = ORIENTED_EDGE('',*,*,#920,.F.);
#920 = EDGE_CURVE('',#821,#921,#923,.T.);
#921 = VERTEX_POINT('',#922);
#922 = CARTESIAN_POINT('',(-0.2,2.34,12.));
#923 = LINE('',#924,#925);
#924 = CARTESIAN_POINT('',(-0.2,2.34,12.));
#925 = VECTOR('',#926,1.);
#926 = DIRECTION('',(0.57735026919,0.57735026919,0.57735026919));
#927 = ORIENTED_EDGE('',*,*,#828,.T.);
#928 = ORIENTED_EDGE('',*,*,#929,.T.);
#929 = EDGE_CURVE('',#829,#930,#932,.T.);
#930 = VERTEX_POINT('',#931);
#931 = CARTESIAN_POINT('',(0.2,2.34,12.));
#932 = LINE('',#933,#934);
#933 = CARTESIAN_POINT('',(0.2,2.34,12.));
#934 = VECTOR('',#935,1.);
#935 = DIRECTION('',(-0.57735026919,0.57735026919,0.57735026919));
#936 = ORIENTED_EDGE('',*,*,#937,.F.);
#937 = EDGE_CURVE('',#921,#930,#938,.T.);
#938 = LINE('',#939,#940);
#939 = CARTESIAN_POINT('',(-0.4,2.34,12.));
#940 = VECTOR('',#941,1.);
#941 = DIRECTION('',(1.,0.,0.));
#942 = PLANE('',#943);
#943 = AXIS2_PLACEMENT_3D('',#944,#945,#946);
#944 = CARTESIAN_POINT('',(-0.4,2.24,11.9));
#945 = DIRECTION('',(1.735417226645E-18,0.707106781187,-0.707106781187)
  );
#946 = DIRECTION('',(-1.,1.227125289148E-18,-1.227125289148E-18));
#947 = ADVANCED_FACE('',(#948),#973,.F.);
#948 = FACE_BOUND('',#949,.F.);
#949 = EDGE_LOOP('',(#950,#951,#959,#967));
#950 = ORIENTED_EDGE('',*,*,#836,.T.);
#951 = ORIENTED_EDGE('',*,*,#952,.T.);
#952 = EDGE_CURVE('',#829,#953,#955,.T.);
#953 = VERTEX_POINT('',#954);
#954 = CARTESIAN_POINT('',(0.4,2.94,11.8));
#955 = LINE('',#956,#957);
#956 = CARTESIAN_POINT('',(0.4,2.14,11.8));
#957 = VECTOR('',#958,1.);
#958 = DIRECTION('',(0.,1.,0.));
#959 = ORIENTED_EDGE('',*,*,#960,.F.);
#960 = EDGE_CURVE('',#961,#953,#963,.T.);
#961 = VERTEX_POINT('',#962);
#962 = CARTESIAN_POINT('',(0.4,2.94,0.2));
#963 = LINE('',#964,#965);
#964 = CARTESIAN_POINT('',(0.4,2.94,-2.819966482548E-16));
#965 = VECTOR('',#966,1.);
#966 = DIRECTION('',(0.,0.,1.));
#967 = ORIENTED_EDGE('',*,*,#968,.F.);
#968 = EDGE_CURVE('',#837,#961,#969,.T.);
#969 = LINE('',#970,#971);
#970 = CARTESIAN_POINT('',(0.4,2.14,0.2));
#971 = VECTOR('',#972,1.);
#972 = DIRECTION('',(0.,1.,0.));
#973 = PLANE('',#974);
#974 = AXIS2_PLACEMENT_3D('',#975,#976,#977);
#975 = CARTESIAN_POINT('',(0.4,2.14,-2.819966482548E-16));
#976 = DIRECTION('',(-1.,0.,0.));
#977 = DIRECTION('',(0.,1.,0.));
#978 = ADVANCED_FACE('',(#979),#995,.F.);
#979 = FACE_BOUND('',#980,.F.);
#980 = EDGE_LOOP('',(#981,#982,#988,#989));
#981 = ORIENTED_EDGE('',*,*,#960,.T.);
#982 = ORIENTED_EDGE('',*,*,#983,.T.);
#983 = EDGE_CURVE('',#953,#861,#984,.T.);
#984 = LINE('',#985,#986);
#985 = CARTESIAN_POINT('',(0.4,2.94,11.8));
#986 = VECTOR('',#987,1.);
#987 = DIRECTION('',(-1.,0.,0.));
#988 = ORIENTED_EDGE('',*,*,#858,.F.);
#989 = ORIENTED_EDGE('',*,*,#990,.F.);
#990 = EDGE_CURVE('',#961,#859,#991,.T.);
#991 = LINE('',#992,#993);
#992 = CARTESIAN_POINT('',(0.4,2.94,0.2));
#993 = VECTOR('',#994,1.);
#994 = DIRECTION('',(-1.,0.,0.));
#995 = PLANE('',#996);
#996 = AXIS2_PLACEMENT_3D('',#997,#998,#999);
#997 = CARTESIAN_POINT('',(0.4,2.94,-2.819966482548E-16));
#998 = DIRECTION('',(0.,-1.,0.));
#999 = DIRECTION('',(-1.,0.,0.));
#1000 = ADVANCED_FACE('',(#1001),#1019,.T.);
#1001 = FACE_BOUND('',#1002,.F.);
#1002 = EDGE_LOOP('',(#1003,#1011,#1012,#1013));
#1003 = ORIENTED_EDGE('',*,*,#1004,.T.);
#1004 = EDGE_CURVE('',#1005,#859,#1007,.T.);
#1005 = VERTEX_POINT('',#1006);
#1006 = CARTESIAN_POINT('',(-0.2,2.74,-2.958744360626E-16));
#1007 = LINE('',#1008,#1009);
#1008 = CARTESIAN_POINT('',(-0.2,2.74,-3.652633751017E-16));
#1009 = VECTOR('',#1010,1.);
#1010 = DIRECTION('',(-0.57735026919,0.57735026919,0.57735026919));
#1011 = ORIENTED_EDGE('',*,*,#875,.T.);
#1012 = ORIENTED_EDGE('',*,*,#889,.T.);
#1013 = ORIENTED_EDGE('',*,*,#1014,.F.);
#1014 = EDGE_CURVE('',#1005,#890,#1015,.T.);
#1015 = LINE('',#1016,#1017);
#1016 = CARTESIAN_POINT('',(-0.2,2.94,-2.819966482548E-16));
#1017 = VECTOR('',#1018,1.);
#1018 = DIRECTION('',(0.,-1.,0.));
#1019 = PLANE('',#1020);
#1020 = AXIS2_PLACEMENT_3D('',#1021,#1022,#1023);
#1021 = CARTESIAN_POINT('',(-0.3,2.94,1.E-01));
#1022 = DIRECTION('',(-0.707106781187,0.,-0.707106781187));
#1023 = DIRECTION('',(0.,1.,0.));
#1024 = ADVANCED_FACE('',(#1025),#1043,.F.);
#1025 = FACE_BOUND('',#1026,.T.);
#1026 = EDGE_LOOP('',(#1027,#1035,#1036,#1037));
#1027 = ORIENTED_EDGE('',*,*,#1028,.F.);
#1028 = EDGE_CURVE('',#861,#1029,#1031,.T.);
#1029 = VERTEX_POINT('',#1030);
#1030 = CARTESIAN_POINT('',(-0.2,2.74,12.));
#1031 = LINE('',#1032,#1033);
#1032 = CARTESIAN_POINT('',(-0.2,2.74,12.));
#1033 = VECTOR('',#1034,1.);
#1034 = DIRECTION('',(0.57735026919,-0.57735026919,0.57735026919));
#1035 = ORIENTED_EDGE('',*,*,#868,.T.);
#1036 = ORIENTED_EDGE('',*,*,#920,.T.);
#1037 = ORIENTED_EDGE('',*,*,#1038,.F.);
#1038 = EDGE_CURVE('',#1029,#921,#1039,.T.);
#1039 = LINE('',#1040,#1041);
#1040 = CARTESIAN_POINT('',(-0.2,2.94,12.));
#1041 = VECTOR('',#1042,1.);
#1042 = DIRECTION('',(0.,-1.,0.));
#1043 = PLANE('',#1044);
#1044 = AXIS2_PLACEMENT_3D('',#1045,#1046,#1047);
#1045 = CARTESIAN_POINT('',(-0.3,2.94,11.9));
#1046 = DIRECTION('',(0.707106781187,-1.735417226645E-18,-0.707106781187
    ));
#1047 = DIRECTION('',(1.227125289148E-18,1.,-1.227125289148E-18));
#1048 = ADVANCED_FACE('',(#1049),#1067,.F.);
#1049 = FACE_BOUND('',#1050,.F.);
#1050 = EDGE_LOOP('',(#1051,#1052,#1060,#1066));
#1051 = ORIENTED_EDGE('',*,*,#906,.T.);
#1052 = ORIENTED_EDGE('',*,*,#1053,.T.);
#1053 = EDGE_CURVE('',#899,#1054,#1056,.T.);
#1054 = VERTEX_POINT('',#1055);
#1055 = CARTESIAN_POINT('',(0.2,2.74,-2.958744360626E-16));
#1056 = LINE('',#1057,#1058);
#1057 = CARTESIAN_POINT('',(0.2,2.14,-2.819966482548E-16));
#1058 = VECTOR('',#1059,1.);
#1059 = DIRECTION('',(0.,1.,0.));
#1060 = ORIENTED_EDGE('',*,*,#1061,.T.);
#1061 = EDGE_CURVE('',#1054,#1005,#1062,.T.);
#1062 = LINE('',#1063,#1064);
#1063 = CARTESIAN_POINT('',(0.4,2.74,-2.819966482548E-16));
#1064 = VECTOR('',#1065,1.);
#1065 = DIRECTION('',(-1.,0.,0.));
#1066 = ORIENTED_EDGE('',*,*,#1014,.T.);
#1067 = PLANE('',#1068);
#1068 = AXIS2_PLACEMENT_3D('',#1069,#1070,#1071);
#1069 = CARTESIAN_POINT('',(2.819966482548E-16,2.54,-2.819966482548E-16)
  );
#1070 = DIRECTION('',(0.,0.,1.));
#1071 = DIRECTION('',(1.,0.,0.));
#1072 = ADVANCED_FACE('',(#1073),#1084,.T.);
#1073 = FACE_BOUND('',#1074,.T.);
#1074 = EDGE_LOOP('',(#1075,#1076,#1077,#1083));
#1075 = ORIENTED_EDGE('',*,*,#898,.T.);
#1076 = ORIENTED_EDGE('',*,*,#1053,.T.);
#1077 = ORIENTED_EDGE('',*,*,#1078,.T.);
#1078 = EDGE_CURVE('',#1054,#961,#1079,.T.);
#1079 = LINE('',#1080,#1081);
#1080 = CARTESIAN_POINT('',(0.2,2.74,-3.652633751017E-16));
#1081 = VECTOR('',#1082,1.);
#1082 = DIRECTION('',(0.57735026919,0.57735026919,0.57735026919));
#1083 = ORIENTED_EDGE('',*,*,#968,.F.);
#1084 = PLANE('',#1085);
#1085 = AXIS2_PLACEMENT_3D('',#1086,#1087,#1088);
#1086 = CARTESIAN_POINT('',(0.3,2.14,1.E-01));
#1087 = DIRECTION('',(0.707106781187,0.,-0.707106781187));
#1088 = DIRECTION('',(0.,1.,0.));
#1089 = ADVANCED_FACE('',(#1090),#1108,.T.);
#1090 = FACE_BOUND('',#1091,.T.);
#1091 = EDGE_LOOP('',(#1092,#1093,#1101,#1107));
#1092 = ORIENTED_EDGE('',*,*,#937,.T.);
#1093 = ORIENTED_EDGE('',*,*,#1094,.T.);
#1094 = EDGE_CURVE('',#930,#1095,#1097,.T.);
#1095 = VERTEX_POINT('',#1096);
#1096 = CARTESIAN_POINT('',(0.2,2.74,12.));
#1097 = LINE('',#1098,#1099);
#1098 = CARTESIAN_POINT('',(0.2,2.14,12.));
#1099 = VECTOR('',#1100,1.);
#1100 = DIRECTION('',(0.,1.,0.));
#1101 = ORIENTED_EDGE('',*,*,#1102,.T.);
#1102 = EDGE_CURVE('',#1095,#1029,#1103,.T.);
#1103 = LINE('',#1104,#1105);
#1104 = CARTESIAN_POINT('',(0.4,2.74,12.));
#1105 = VECTOR('',#1106,1.);
#1106 = DIRECTION('',(-1.,0.,0.));
#1107 = ORIENTED_EDGE('',*,*,#1038,.T.);
#1108 = PLANE('',#1109);
#1109 = AXIS2_PLACEMENT_3D('',#1110,#1111,#1112);
#1110 = CARTESIAN_POINT('',(2.819966482548E-16,2.54,12.));
#1111 = DIRECTION('',(0.,0.,1.));
#1112 = DIRECTION('',(1.,0.,0.));
#1113 = ADVANCED_FACE('',(#1114),#1125,.F.);
#1114 = FACE_BOUND('',#1115,.T.);
#1115 = EDGE_LOOP('',(#1116,#1117,#1118,#1124));
#1116 = ORIENTED_EDGE('',*,*,#929,.F.);
#1117 = ORIENTED_EDGE('',*,*,#952,.T.);
#1118 = ORIENTED_EDGE('',*,*,#1119,.T.);
#1119 = EDGE_CURVE('',#953,#1095,#1120,.T.);
#1120 = LINE('',#1121,#1122);
#1121 = CARTESIAN_POINT('',(0.2,2.74,12.));
#1122 = VECTOR('',#1123,1.);
#1123 = DIRECTION('',(-0.57735026919,-0.57735026919,0.57735026919));
#1124 = ORIENTED_EDGE('',*,*,#1094,.F.);
#1125 = PLANE('',#1126);
#1126 = AXIS2_PLACEMENT_3D('',#1127,#1128,#1129);
#1127 = CARTESIAN_POINT('',(0.3,2.14,11.9));
#1128 = DIRECTION('',(-0.707106781187,1.735417226645E-18,-0.707106781187
    ));
#1129 = DIRECTION('',(-1.227125289148E-18,-1.,-1.227125289148E-18));
#1130 = ADVANCED_FACE('',(#1131),#1137,.T.);
#1131 = FACE_BOUND('',#1132,.T.);
#1132 = EDGE_LOOP('',(#1133,#1134,#1135,#1136));
#1133 = ORIENTED_EDGE('',*,*,#1078,.F.);
#1134 = ORIENTED_EDGE('',*,*,#1061,.T.);
#1135 = ORIENTED_EDGE('',*,*,#1004,.T.);
#1136 = ORIENTED_EDGE('',*,*,#990,.F.);
#1137 = PLANE('',#1138);
#1138 = AXIS2_PLACEMENT_3D('',#1139,#1140,#1141);
#1139 = CARTESIAN_POINT('',(0.4,2.84,1.E-01));
#1140 = DIRECTION('',(0.,0.707106781187,-0.707106781187));
#1141 = DIRECTION('',(-1.,0.,0.));
#1142 = ADVANCED_FACE('',(#1143),#1149,.F.);
#1143 = FACE_BOUND('',#1144,.T.);
#1144 = EDGE_LOOP('',(#1145,#1146,#1147,#1148));
#1145 = ORIENTED_EDGE('',*,*,#1119,.F.);
#1146 = ORIENTED_EDGE('',*,*,#983,.T.);
#1147 = ORIENTED_EDGE('',*,*,#1028,.T.);
#1148 = ORIENTED_EDGE('',*,*,#1102,.F.);
#1149 = PLANE('',#1150);
#1150 = AXIS2_PLACEMENT_3D('',#1151,#1152,#1153);
#1151 = CARTESIAN_POINT('',(0.4,2.84,11.9));
#1152 = DIRECTION('',(-1.735417226645E-18,-0.707106781187,
    -0.707106781187));
#1153 = DIRECTION('',(1.,-1.227125289148E-18,-1.227125289148E-18));
#1154 = MANIFOLD_SOLID_BREP('',#1155);
#1155 = CLOSED_SHELL('',(#1156,#1196,#1227,#1258,#1289,#1320,#1342,#1366
    ,#1390,#1414,#1431,#1455,#1472,#1484));
#1156 = ADVANCED_FACE('',(#1157),#1191,.F.);
#1157 = FACE_BOUND('',#1158,.F.);
#1158 = EDGE_LOOP('',(#1159,#1169,#1177,#1185));
#1159 = ORIENTED_EDGE('',*,*,#1160,.T.);
#1160 = EDGE_CURVE('',#1161,#1163,#1165,.T.);
#1161 = VERTEX_POINT('',#1162);
#1162 = CARTESIAN_POINT('',(2.14,-0.4,0.2));
#1163 = VERTEX_POINT('',#1164);
#1164 = CARTESIAN_POINT('',(2.14,-0.4,11.8));
#1165 = LINE('',#1166,#1167);
#1166 = CARTESIAN_POINT('',(2.14,-0.4,0.));
#1167 = VECTOR('',#1168,1.);
#1168 = DIRECTION('',(0.,0.,1.));
#1169 = ORIENTED_EDGE('',*,*,#1170,.T.);
#1170 = EDGE_CURVE('',#1163,#1171,#1173,.T.);
#1171 = VERTEX_POINT('',#1172);
#1172 = CARTESIAN_POINT('',(2.94,-0.4,11.8));
#1173 = LINE('',#1174,#1175);
#1174 = CARTESIAN_POINT('',(2.14,-0.4,11.8));
#1175 = VECTOR('',#1176,1.);
#1176 = DIRECTION('',(1.,0.,0.));
#1177 = ORIENTED_EDGE('',*,*,#1178,.F.);
#1178 = EDGE_CURVE('',#1179,#1171,#1181,.T.);
#1179 = VERTEX_POINT('',#1180);
#1180 = CARTESIAN_POINT('',(2.94,-0.4,0.2));
#1181 = LINE('',#1182,#1183);
#1182 = CARTESIAN_POINT('',(2.94,-0.4,0.));
#1183 = VECTOR('',#1184,1.);
#1184 = DIRECTION('',(0.,0.,1.));
#1185 = ORIENTED_EDGE('',*,*,#1186,.F.);
#1186 = EDGE_CURVE('',#1161,#1179,#1187,.T.);
#1187 = LINE('',#1188,#1189);
#1188 = CARTESIAN_POINT('',(2.14,-0.4,0.2));
#1189 = VECTOR('',#1190,1.);
#1190 = DIRECTION('',(1.,0.,0.));
#1191 = PLANE('',#1192);
#1192 = AXIS2_PLACEMENT_3D('',#1193,#1194,#1195);
#1193 = CARTESIAN_POINT('',(2.14,-0.4,0.));
#1194 = DIRECTION('',(0.,1.,0.));
#1195 = DIRECTION('',(1.,0.,0.));
#1196 = ADVANCED_FACE('',(#1197),#1222,.F.);
#1197 = FACE_BOUND('',#1198,.F.);
#1198 = EDGE_LOOP('',(#1199,#1209,#1215,#1216));
#1199 = ORIENTED_EDGE('',*,*,#1200,.T.);
#1200 = EDGE_CURVE('',#1201,#1203,#1205,.T.);
#1201 = VERTEX_POINT('',#1202);
#1202 = CARTESIAN_POINT('',(2.14,0.4,0.2));
#1203 = VERTEX_POINT('',#1204);
#1204 = CARTESIAN_POINT('',(2.14,0.4,11.8));
#1205 = LINE('',#1206,#1207);
#1206 = CARTESIAN_POINT('',(2.14,0.4,0.));
#1207 = VECTOR('',#1208,1.);
#1208 = DIRECTION('',(0.,0.,1.));
#1209 = ORIENTED_EDGE('',*,*,#1210,.T.);
#1210 = EDGE_CURVE('',#1203,#1163,#1211,.T.);
#1211 = LINE('',#1212,#1213);
#1212 = CARTESIAN_POINT('',(2.14,0.4,11.8));
#1213 = VECTOR('',#1214,1.);
#1214 = DIRECTION('',(0.,-1.,0.));
#1215 = ORIENTED_EDGE('',*,*,#1160,.F.);
#1216 = ORIENTED_EDGE('',*,*,#1217,.F.);
#1217 = EDGE_CURVE('',#1201,#1161,#1218,.T.);
#1218 = LINE('',#1219,#1220);
#1219 = CARTESIAN_POINT('',(2.14,0.4,0.2));
#1220 = VECTOR('',#1221,1.);
#1221 = DIRECTION('',(0.,-1.,0.));
#1222 = PLANE('',#1223);
#1223 = AXIS2_PLACEMENT_3D('',#1224,#1225,#1226);
#1224 = CARTESIAN_POINT('',(2.14,0.4,0.));
#1225 = DIRECTION('',(1.,0.,0.));
#1226 = DIRECTION('',(0.,-1.,0.));
#1227 = ADVANCED_FACE('',(#1228),#1253,.T.);
#1228 = FACE_BOUND('',#1229,.F.);
#1229 = EDGE_LOOP('',(#1230,#1238,#1239,#1247));
#1230 = ORIENTED_EDGE('',*,*,#1231,.F.);
#1231 = EDGE_CURVE('',#1161,#1232,#1234,.T.);
#1232 = VERTEX_POINT('',#1233);
#1233 = CARTESIAN_POINT('',(2.34,-0.2,-1.387778780781E-17));
#1234 = LINE('',#1235,#1236);
#1235 = CARTESIAN_POINT('',(2.34,-0.2,-8.326672684689E-17));
#1236 = VECTOR('',#1237,1.);
#1237 = DIRECTION('',(0.57735026919,0.57735026919,-0.57735026919));
#1238 = ORIENTED_EDGE('',*,*,#1186,.T.);
#1239 = ORIENTED_EDGE('',*,*,#1240,.T.);
#1240 = EDGE_CURVE('',#1179,#1241,#1243,.T.);
#1241 = VERTEX_POINT('',#1242);
#1242 = CARTESIAN_POINT('',(2.74,-0.2,-1.387778780781E-17));
#1243 = LINE('',#1244,#1245);
#1244 = CARTESIAN_POINT('',(2.74,-0.2,-8.326672684689E-17));
#1245 = VECTOR('',#1246,1.);
#1246 = DIRECTION('',(-0.57735026919,0.57735026919,-0.57735026919));
#1247 = ORIENTED_EDGE('',*,*,#1248,.F.);
#1248 = EDGE_CURVE('',#1232,#1241,#1249,.T.);
#1249 = LINE('',#1250,#1251);
#1250 = CARTESIAN_POINT('',(2.14,-0.2,0.));
#1251 = VECTOR('',#1252,1.);
#1252 = DIRECTION('',(1.,0.,0.));
#1253 = PLANE('',#1254);
#1254 = AXIS2_PLACEMENT_3D('',#1255,#1256,#1257);
#1255 = CARTESIAN_POINT('',(2.14,-0.3,0.1));
#1256 = DIRECTION('',(0.,-0.707106781187,-0.707106781187));
#1257 = DIRECTION('',(-1.,-0.,-0.));
#1258 = ADVANCED_FACE('',(#1259),#1284,.F.);
#1259 = FACE_BOUND('',#1260,.T.);
#1260 = EDGE_LOOP('',(#1261,#1269,#1270,#1278));
#1261 = ORIENTED_EDGE('',*,*,#1262,.F.);
#1262 = EDGE_CURVE('',#1163,#1263,#1265,.T.);
#1263 = VERTEX_POINT('',#1264);
#1264 = CARTESIAN_POINT('',(2.34,-0.2,12.));
#1265 = LINE('',#1266,#1267);
#1266 = CARTESIAN_POINT('',(2.34,-0.2,12.));
#1267 = VECTOR('',#1268,1.);
#1268 = DIRECTION('',(0.57735026919,0.57735026919,0.57735026919));
#1269 = ORIENTED_EDGE('',*,*,#1170,.T.);
#1270 = ORIENTED_EDGE('',*,*,#1271,.T.);
#1271 = EDGE_CURVE('',#1171,#1272,#1274,.T.);
#1272 = VERTEX_POINT('',#1273);
#1273 = CARTESIAN_POINT('',(2.74,-0.2,12.));
#1274 = LINE('',#1275,#1276);
#1275 = CARTESIAN_POINT('',(2.74,-0.2,12.));
#1276 = VECTOR('',#1277,1.);
#1277 = DIRECTION('',(-0.57735026919,0.57735026919,0.57735026919));
#1278 = ORIENTED_EDGE('',*,*,#1279,.F.);
#1279 = EDGE_CURVE('',#1263,#1272,#1280,.T.);
#1280 = LINE('',#1281,#1282);
#1281 = CARTESIAN_POINT('',(2.14,-0.2,12.));
#1282 = VECTOR('',#1283,1.);
#1283 = DIRECTION('',(1.,0.,0.));
#1284 = PLANE('',#1285);
#1285 = AXIS2_PLACEMENT_3D('',#1286,#1287,#1288);
#1286 = CARTESIAN_POINT('',(2.14,-0.3,11.9));
#1287 = DIRECTION('',(1.735417226645E-18,0.707106781187,-0.707106781187)
  );
#1288 = DIRECTION('',(-1.,1.227125289148E-18,-1.227125289148E-18));
#1289 = ADVANCED_FACE('',(#1290),#1315,.F.);
#1290 = FACE_BOUND('',#1291,.F.);
#1291 = EDGE_LOOP('',(#1292,#1293,#1301,#1309));
#1292 = ORIENTED_EDGE('',*,*,#1178,.T.);
#1293 = ORIENTED_EDGE('',*,*,#1294,.T.);
#1294 = EDGE_CURVE('',#1171,#1295,#1297,.T.);
#1295 = VERTEX_POINT('',#1296);
#1296 = CARTESIAN_POINT('',(2.94,0.4,11.8));
#1297 = LINE('',#1298,#1299);
#1298 = CARTESIAN_POINT('',(2.94,-0.4,11.8));
#1299 = VECTOR('',#1300,1.);
#1300 = DIRECTION('',(0.,1.,0.));
#1301 = ORIENTED_EDGE('',*,*,#1302,.F.);
#1302 = EDGE_CURVE('',#1303,#1295,#1305,.T.);
#1303 = VERTEX_POINT('',#1304);
#1304 = CARTESIAN_POINT('',(2.94,0.4,0.2));
#1305 = LINE('',#1306,#1307);
#1306 = CARTESIAN_POINT('',(2.94,0.4,0.));
#1307 = VECTOR('',#1308,1.);
#1308 = DIRECTION('',(0.,0.,1.));
#1309 = ORIENTED_EDGE('',*,*,#1310,.F.);
#1310 = EDGE_CURVE('',#1179,#1303,#1311,.T.);
#1311 = LINE('',#1312,#1313);
#1312 = CARTESIAN_POINT('',(2.94,-0.4,0.2));
#1313 = VECTOR('',#1314,1.);
#1314 = DIRECTION('',(0.,1.,0.));
#1315 = PLANE('',#1316);
#1316 = AXIS2_PLACEMENT_3D('',#1317,#1318,#1319);
#1317 = CARTESIAN_POINT('',(2.94,-0.4,0.));
#1318 = DIRECTION('',(-1.,0.,0.));
#1319 = DIRECTION('',(0.,1.,0.));
#1320 = ADVANCED_FACE('',(#1321),#1337,.F.);
#1321 = FACE_BOUND('',#1322,.F.);
#1322 = EDGE_LOOP('',(#1323,#1324,#1330,#1331));
#1323 = ORIENTED_EDGE('',*,*,#1302,.T.);
#1324 = ORIENTED_EDGE('',*,*,#1325,.T.);
#1325 = EDGE_CURVE('',#1295,#1203,#1326,.T.);
#1326 = LINE('',#1327,#1328);
#1327 = CARTESIAN_POINT('',(2.94,0.4,11.8));
#1328 = VECTOR('',#1329,1.);
#1329 = DIRECTION('',(-1.,0.,0.));
#1330 = ORIENTED_EDGE('',*,*,#1200,.F.);
#1331 = ORIENTED_EDGE('',*,*,#1332,.F.);
#1332 = EDGE_CURVE('',#1303,#1201,#1333,.T.);
#1333 = LINE('',#1334,#1335);
#1334 = CARTESIAN_POINT('',(2.94,0.4,0.2));
#1335 = VECTOR('',#1336,1.);
#1336 = DIRECTION('',(-1.,0.,0.));
#1337 = PLANE('',#1338);
#1338 = AXIS2_PLACEMENT_3D('',#1339,#1340,#1341);
#1339 = CARTESIAN_POINT('',(2.94,0.4,0.));
#1340 = DIRECTION('',(0.,-1.,0.));
#1341 = DIRECTION('',(-1.,0.,0.));
#1342 = ADVANCED_FACE('',(#1343),#1361,.T.);
#1343 = FACE_BOUND('',#1344,.F.);
#1344 = EDGE_LOOP('',(#1345,#1353,#1354,#1355));
#1345 = ORIENTED_EDGE('',*,*,#1346,.T.);
#1346 = EDGE_CURVE('',#1347,#1201,#1349,.T.);
#1347 = VERTEX_POINT('',#1348);
#1348 = CARTESIAN_POINT('',(2.34,0.2,-1.387778780781E-17));
#1349 = LINE('',#1350,#1351);
#1350 = CARTESIAN_POINT('',(2.34,0.2,-8.326672684689E-17));
#1351 = VECTOR('',#1352,1.);
#1352 = DIRECTION('',(-0.57735026919,0.57735026919,0.57735026919));
#1353 = ORIENTED_EDGE('',*,*,#1217,.T.);
#1354 = ORIENTED_EDGE('',*,*,#1231,.T.);
#1355 = ORIENTED_EDGE('',*,*,#1356,.F.);
#1356 = EDGE_CURVE('',#1347,#1232,#1357,.T.);
#1357 = LINE('',#1358,#1359);
#1358 = CARTESIAN_POINT('',(2.34,0.4,0.));
#1359 = VECTOR('',#1360,1.);
#1360 = DIRECTION('',(0.,-1.,0.));
#1361 = PLANE('',#1362);
#1362 = AXIS2_PLACEMENT_3D('',#1363,#1364,#1365);
#1363 = CARTESIAN_POINT('',(2.24,0.4,0.1));
#1364 = DIRECTION('',(-0.707106781187,0.,-0.707106781187));
#1365 = DIRECTION('',(0.,1.,0.));
#1366 = ADVANCED_FACE('',(#1367),#1385,.F.);
#1367 = FACE_BOUND('',#1368,.T.);
#1368 = EDGE_LOOP('',(#1369,#1377,#1378,#1379));
#1369 = ORIENTED_EDGE('',*,*,#1370,.F.);
#1370 = EDGE_CURVE('',#1203,#1371,#1373,.T.);
#1371 = VERTEX_POINT('',#1372);
#1372 = CARTESIAN_POINT('',(2.34,0.2,12.));
#1373 = LINE('',#1374,#1375);
#1374 = CARTESIAN_POINT('',(2.34,0.2,12.));
#1375 = VECTOR('',#1376,1.);
#1376 = DIRECTION('',(0.57735026919,-0.57735026919,0.57735026919));
#1377 = ORIENTED_EDGE('',*,*,#1210,.T.);
#1378 = ORIENTED_EDGE('',*,*,#1262,.T.);
#1379 = ORIENTED_EDGE('',*,*,#1380,.F.);
#1380 = EDGE_CURVE('',#1371,#1263,#1381,.T.);
#1381 = LINE('',#1382,#1383);
#1382 = CARTESIAN_POINT('',(2.34,0.4,12.));
#1383 = VECTOR('',#1384,1.);
#1384 = DIRECTION('',(0.,-1.,0.));
#1385 = PLANE('',#1386);
#1386 = AXIS2_PLACEMENT_3D('',#1387,#1388,#1389);
#1387 = CARTESIAN_POINT('',(2.24,0.4,11.9));
#1388 = DIRECTION('',(0.707106781187,-1.735417226645E-18,-0.707106781187
    ));
#1389 = DIRECTION('',(1.227125289148E-18,1.,-1.227125289148E-18));
#1390 = ADVANCED_FACE('',(#1391),#1409,.F.);
#1391 = FACE_BOUND('',#1392,.F.);
#1392 = EDGE_LOOP('',(#1393,#1394,#1402,#1408));
#1393 = ORIENTED_EDGE('',*,*,#1248,.T.);
#1394 = ORIENTED_EDGE('',*,*,#1395,.T.);
#1395 = EDGE_CURVE('',#1241,#1396,#1398,.T.);
#1396 = VERTEX_POINT('',#1397);
#1397 = CARTESIAN_POINT('',(2.74,0.2,-1.387778780781E-17));
#1398 = LINE('',#1399,#1400);
#1399 = CARTESIAN_POINT('',(2.74,-0.4,0.));
#1400 = VECTOR('',#1401,1.);
#1401 = DIRECTION('',(0.,1.,0.));
#1402 = ORIENTED_EDGE('',*,*,#1403,.T.);
#1403 = EDGE_CURVE('',#1396,#1347,#1404,.T.);
#1404 = LINE('',#1405,#1406);
#1405 = CARTESIAN_POINT('',(2.94,0.2,0.));
#1406 = VECTOR('',#1407,1.);
#1407 = DIRECTION('',(-1.,0.,0.));
#1408 = ORIENTED_EDGE('',*,*,#1356,.T.);
#1409 = PLANE('',#1410);
#1410 = AXIS2_PLACEMENT_3D('',#1411,#1412,#1413);
#1411 = CARTESIAN_POINT('',(2.54,0.,0.));
#1412 = DIRECTION('',(0.,0.,1.));
#1413 = DIRECTION('',(1.,0.,0.));
#1414 = ADVANCED_FACE('',(#1415),#1426,.T.);
#1415 = FACE_BOUND('',#1416,.T.);
#1416 = EDGE_LOOP('',(#1417,#1418,#1419,#1425));
#1417 = ORIENTED_EDGE('',*,*,#1240,.T.);
#1418 = ORIENTED_EDGE('',*,*,#1395,.T.);
#1419 = ORIENTED_EDGE('',*,*,#1420,.T.);
#1420 = EDGE_CURVE('',#1396,#1303,#1421,.T.);
#1421 = LINE('',#1422,#1423);
#1422 = CARTESIAN_POINT('',(2.74,0.2,-8.326672684689E-17));
#1423 = VECTOR('',#1424,1.);
#1424 = DIRECTION('',(0.57735026919,0.57735026919,0.57735026919));
#1425 = ORIENTED_EDGE('',*,*,#1310,.F.);
#1426 = PLANE('',#1427);
#1427 = AXIS2_PLACEMENT_3D('',#1428,#1429,#1430);
#1428 = CARTESIAN_POINT('',(2.84,-0.4,0.1));
#1429 = DIRECTION('',(0.707106781187,0.,-0.707106781187));
#1430 = DIRECTION('',(0.,1.,0.));
#1431 = ADVANCED_FACE('',(#1432),#1450,.T.);
#1432 = FACE_BOUND('',#1433,.T.);
#1433 = EDGE_LOOP('',(#1434,#1435,#1443,#1449));
#1434 = ORIENTED_EDGE('',*,*,#1279,.T.);
#1435 = ORIENTED_EDGE('',*,*,#1436,.T.);
#1436 = EDGE_CURVE('',#1272,#1437,#1439,.T.);
#1437 = VERTEX_POINT('',#1438);
#1438 = CARTESIAN_POINT('',(2.74,0.2,12.));
#1439 = LINE('',#1440,#1441);
#1440 = CARTESIAN_POINT('',(2.74,-0.4,12.));
#1441 = VECTOR('',#1442,1.);
#1442 = DIRECTION('',(0.,1.,0.));
#1443 = ORIENTED_EDGE('',*,*,#1444,.T.);
#1444 = EDGE_CURVE('',#1437,#1371,#1445,.T.);
#1445 = LINE('',#1446,#1447);
#1446 = CARTESIAN_POINT('',(2.94,0.2,12.));
#1447 = VECTOR('',#1448,1.);
#1448 = DIRECTION('',(-1.,0.,0.));
#1449 = ORIENTED_EDGE('',*,*,#1380,.T.);
#1450 = PLANE('',#1451);
#1451 = AXIS2_PLACEMENT_3D('',#1452,#1453,#1454);
#1452 = CARTESIAN_POINT('',(2.54,0.,12.));
#1453 = DIRECTION('',(0.,0.,1.));
#1454 = DIRECTION('',(1.,0.,0.));
#1455 = ADVANCED_FACE('',(#1456),#1467,.F.);
#1456 = FACE_BOUND('',#1457,.T.);
#1457 = EDGE_LOOP('',(#1458,#1459,#1460,#1466));
#1458 = ORIENTED_EDGE('',*,*,#1271,.F.);
#1459 = ORIENTED_EDGE('',*,*,#1294,.T.);
#1460 = ORIENTED_EDGE('',*,*,#1461,.T.);
#1461 = EDGE_CURVE('',#1295,#1437,#1462,.T.);
#1462 = LINE('',#1463,#1464);
#1463 = CARTESIAN_POINT('',(2.74,0.2,12.));
#1464 = VECTOR('',#1465,1.);
#1465 = DIRECTION('',(-0.57735026919,-0.57735026919,0.57735026919));
#1466 = ORIENTED_EDGE('',*,*,#1436,.F.);
#1467 = PLANE('',#1468);
#1468 = AXIS2_PLACEMENT_3D('',#1469,#1470,#1471);
#1469 = CARTESIAN_POINT('',(2.84,-0.4,11.9));
#1470 = DIRECTION('',(-0.707106781187,1.735417226645E-18,-0.707106781187
    ));
#1471 = DIRECTION('',(-1.227125289148E-18,-1.,-1.227125289148E-18));
#1472 = ADVANCED_FACE('',(#1473),#1479,.T.);
#1473 = FACE_BOUND('',#1474,.T.);
#1474 = EDGE_LOOP('',(#1475,#1476,#1477,#1478));
#1475 = ORIENTED_EDGE('',*,*,#1420,.F.);
#1476 = ORIENTED_EDGE('',*,*,#1403,.T.);
#1477 = ORIENTED_EDGE('',*,*,#1346,.T.);
#1478 = ORIENTED_EDGE('',*,*,#1332,.F.);
#1479 = PLANE('',#1480);
#1480 = AXIS2_PLACEMENT_3D('',#1481,#1482,#1483);
#1481 = CARTESIAN_POINT('',(2.94,0.3,0.1));
#1482 = DIRECTION('',(0.,0.707106781187,-0.707106781187));
#1483 = DIRECTION('',(-1.,0.,0.));
#1484 = ADVANCED_FACE('',(#1485),#1491,.F.);
#1485 = FACE_BOUND('',#1486,.T.);
#1486 = EDGE_LOOP('',(#1487,#1488,#1489,#1490));
#1487 = ORIENTED_EDGE('',*,*,#1461,.F.);
#1488 = ORIENTED_EDGE('',*,*,#1325,.T.);
#1489 = ORIENTED_EDGE('',*,*,#1370,.T.);
#1490 = ORIENTED_EDGE('',*,*,#1444,.F.);
#1491 = PLANE('',#1492);
#1492 = AXIS2_PLACEMENT_3D('',#1493,#1494,#1495);
#1493 = CARTESIAN_POINT('',(2.94,0.3,11.9));
#1494 = DIRECTION('',(-1.735417226645E-18,-0.707106781187,
    -0.707106781187));
#1495 = DIRECTION('',(1.,-1.227125289148E-18,-1.227125289148E-18));
#1496 = MANIFOLD_SOLID_BREP('',#1497);
#1497 = CLOSED_SHELL('',(#1498,#1538,#1569,#1600,#1631,#1662,#1684,#1708
    ,#1732,#1756,#1773,#1797,#1814,#1826));
#1498 = ADVANCED_FACE('',(#1499),#1533,.F.);
#1499 = FACE_BOUND('',#1500,.F.);
#1500 = EDGE_LOOP('',(#1501,#1511,#1519,#1527));
#1501 = ORIENTED_EDGE('',*,*,#1502,.T.);
#1502 = EDGE_CURVE('',#1503,#1505,#1507,.T.);
#1503 = VERTEX_POINT('',#1504);
#1504 = CARTESIAN_POINT('',(2.14,2.14,0.2));
#1505 = VERTEX_POINT('',#1506);
#1506 = CARTESIAN_POINT('',(2.14,2.14,11.8));
#1507 = LINE('',#1508,#1509);
#1508 = CARTESIAN_POINT('',(2.14,2.14,-2.819966482548E-16));
#1509 = VECTOR('',#1510,1.);
#1510 = DIRECTION('',(0.,0.,1.));
#1511 = ORIENTED_EDGE('',*,*,#1512,.T.);
#1512 = EDGE_CURVE('',#1505,#1513,#1515,.T.);
#1513 = VERTEX_POINT('',#1514);
#1514 = CARTESIAN_POINT('',(2.94,2.14,11.8));
#1515 = LINE('',#1516,#1517);
#1516 = CARTESIAN_POINT('',(2.14,2.14,11.8));
#1517 = VECTOR('',#1518,1.);
#1518 = DIRECTION('',(1.,0.,0.));
#1519 = ORIENTED_EDGE('',*,*,#1520,.F.);
#1520 = EDGE_CURVE('',#1521,#1513,#1523,.T.);
#1521 = VERTEX_POINT('',#1522);
#1522 = CARTESIAN_POINT('',(2.94,2.14,0.2));
#1523 = LINE('',#1524,#1525);
#1524 = CARTESIAN_POINT('',(2.94,2.14,-2.819966482548E-16));
#1525 = VECTOR('',#1526,1.);
#1526 = DIRECTION('',(0.,0.,1.));
#1527 = ORIENTED_EDGE('',*,*,#1528,.F.);
#1528 = EDGE_CURVE('',#1503,#1521,#1529,.T.);
#1529 = LINE('',#1530,#1531);
#1530 = CARTESIAN_POINT('',(2.14,2.14,0.2));
#1531 = VECTOR('',#1532,1.);
#1532 = DIRECTION('',(1.,0.,0.));
#1533 = PLANE('',#1534);
#1534 = AXIS2_PLACEMENT_3D('',#1535,#1536,#1537);
#1535 = CARTESIAN_POINT('',(2.14,2.14,-2.819966482548E-16));
#1536 = DIRECTION('',(0.,1.,0.));
#1537 = DIRECTION('',(1.,0.,0.));
#1538 = ADVANCED_FACE('',(#1539),#1564,.F.);
#1539 = FACE_BOUND('',#1540,.F.);
#1540 = EDGE_LOOP('',(#1541,#1551,#1557,#1558));
#1541 = ORIENTED_EDGE('',*,*,#1542,.T.);
#1542 = EDGE_CURVE('',#1543,#1545,#1547,.T.);
#1543 = VERTEX_POINT('',#1544);
#1544 = CARTESIAN_POINT('',(2.14,2.94,0.2));
#1545 = VERTEX_POINT('',#1546);
#1546 = CARTESIAN_POINT('',(2.14,2.94,11.8));
#1547 = LINE('',#1548,#1549);
#1548 = CARTESIAN_POINT('',(2.14,2.94,-2.819966482548E-16));
#1549 = VECTOR('',#1550,1.);
#1550 = DIRECTION('',(0.,0.,1.));
#1551 = ORIENTED_EDGE('',*,*,#1552,.T.);
#1552 = EDGE_CURVE('',#1545,#1505,#1553,.T.);
#1553 = LINE('',#1554,#1555);
#1554 = CARTESIAN_POINT('',(2.14,2.94,11.8));
#1555 = VECTOR('',#1556,1.);
#1556 = DIRECTION('',(0.,-1.,0.));
#1557 = ORIENTED_EDGE('',*,*,#1502,.F.);
#1558 = ORIENTED_EDGE('',*,*,#1559,.F.);
#1559 = EDGE_CURVE('',#1543,#1503,#1560,.T.);
#1560 = LINE('',#1561,#1562);
#1561 = CARTESIAN_POINT('',(2.14,2.94,0.2));
#1562 = VECTOR('',#1563,1.);
#1563 = DIRECTION('',(0.,-1.,0.));
#1564 = PLANE('',#1565);
#1565 = AXIS2_PLACEMENT_3D('',#1566,#1567,#1568);
#1566 = CARTESIAN_POINT('',(2.14,2.94,-2.819966482548E-16));
#1567 = DIRECTION('',(1.,0.,0.));
#1568 = DIRECTION('',(0.,-1.,0.));
#1569 = ADVANCED_FACE('',(#1570),#1595,.T.);
#1570 = FACE_BOUND('',#1571,.F.);
#1571 = EDGE_LOOP('',(#1572,#1580,#1581,#1589));
#1572 = ORIENTED_EDGE('',*,*,#1573,.F.);
#1573 = EDGE_CURVE('',#1503,#1574,#1576,.T.);
#1574 = VERTEX_POINT('',#1575);
#1575 = CARTESIAN_POINT('',(2.34,2.34,-2.958744360626E-16));
#1576 = LINE('',#1577,#1578);
#1577 = CARTESIAN_POINT('',(2.34,2.34,-3.652633751017E-16));
#1578 = VECTOR('',#1579,1.);
#1579 = DIRECTION('',(0.57735026919,0.57735026919,-0.57735026919));
#1580 = ORIENTED_EDGE('',*,*,#1528,.T.);
#1581 = ORIENTED_EDGE('',*,*,#1582,.T.);
#1582 = EDGE_CURVE('',#1521,#1583,#1585,.T.);
#1583 = VERTEX_POINT('',#1584);
#1584 = CARTESIAN_POINT('',(2.74,2.34,-2.958744360626E-16));
#1585 = LINE('',#1586,#1587);
#1586 = CARTESIAN_POINT('',(2.74,2.34,-3.652633751017E-16));
#1587 = VECTOR('',#1588,1.);
#1588 = DIRECTION('',(-0.57735026919,0.57735026919,-0.57735026919));
#1589 = ORIENTED_EDGE('',*,*,#1590,.F.);
#1590 = EDGE_CURVE('',#1574,#1583,#1591,.T.);
#1591 = LINE('',#1592,#1593);
#1592 = CARTESIAN_POINT('',(2.14,2.34,-2.819966482548E-16));
#1593 = VECTOR('',#1594,1.);
#1594 = DIRECTION('',(1.,0.,0.));
#1595 = PLANE('',#1596);
#1596 = AXIS2_PLACEMENT_3D('',#1597,#1598,#1599);
#1597 = CARTESIAN_POINT('',(2.14,2.24,1.E-01));
#1598 = DIRECTION('',(0.,-0.707106781187,-0.707106781187));
#1599 = DIRECTION('',(-1.,-0.,-0.));
#1600 = ADVANCED_FACE('',(#1601),#1626,.F.);
#1601 = FACE_BOUND('',#1602,.T.);
#1602 = EDGE_LOOP('',(#1603,#1611,#1612,#1620));
#1603 = ORIENTED_EDGE('',*,*,#1604,.F.);
#1604 = EDGE_CURVE('',#1505,#1605,#1607,.T.);
#1605 = VERTEX_POINT('',#1606);
#1606 = CARTESIAN_POINT('',(2.34,2.34,12.));
#1607 = LINE('',#1608,#1609);
#1608 = CARTESIAN_POINT('',(2.34,2.34,12.));
#1609 = VECTOR('',#1610,1.);
#1610 = DIRECTION('',(0.57735026919,0.57735026919,0.57735026919));
#1611 = ORIENTED_EDGE('',*,*,#1512,.T.);
#1612 = ORIENTED_EDGE('',*,*,#1613,.T.);
#1613 = EDGE_CURVE('',#1513,#1614,#1616,.T.);
#1614 = VERTEX_POINT('',#1615);
#1615 = CARTESIAN_POINT('',(2.74,2.34,12.));
#1616 = LINE('',#1617,#1618);
#1617 = CARTESIAN_POINT('',(2.74,2.34,12.));
#1618 = VECTOR('',#1619,1.);
#1619 = DIRECTION('',(-0.57735026919,0.57735026919,0.57735026919));
#1620 = ORIENTED_EDGE('',*,*,#1621,.F.);
#1621 = EDGE_CURVE('',#1605,#1614,#1622,.T.);
#1622 = LINE('',#1623,#1624);
#1623 = CARTESIAN_POINT('',(2.14,2.34,12.));
#1624 = VECTOR('',#1625,1.);
#1625 = DIRECTION('',(1.,0.,0.));
#1626 = PLANE('',#1627);
#1627 = AXIS2_PLACEMENT_3D('',#1628,#1629,#1630);
#1628 = CARTESIAN_POINT('',(2.14,2.24,11.9));
#1629 = DIRECTION('',(1.735417226645E-18,0.707106781187,-0.707106781187)
  );
#1630 = DIRECTION('',(-1.,1.227125289148E-18,-1.227125289148E-18));
#1631 = ADVANCED_FACE('',(#1632),#1657,.F.);
#1632 = FACE_BOUND('',#1633,.F.);
#1633 = EDGE_LOOP('',(#1634,#1635,#1643,#1651));
#1634 = ORIENTED_EDGE('',*,*,#1520,.T.);
#1635 = ORIENTED_EDGE('',*,*,#1636,.T.);
#1636 = EDGE_CURVE('',#1513,#1637,#1639,.T.);
#1637 = VERTEX_POINT('',#1638);
#1638 = CARTESIAN_POINT('',(2.94,2.94,11.8));
#1639 = LINE('',#1640,#1641);
#1640 = CARTESIAN_POINT('',(2.94,2.14,11.8));
#1641 = VECTOR('',#1642,1.);
#1642 = DIRECTION('',(0.,1.,0.));
#1643 = ORIENTED_EDGE('',*,*,#1644,.F.);
#1644 = EDGE_CURVE('',#1645,#1637,#1647,.T.);
#1645 = VERTEX_POINT('',#1646);
#1646 = CARTESIAN_POINT('',(2.94,2.94,0.2));
#1647 = LINE('',#1648,#1649);
#1648 = CARTESIAN_POINT('',(2.94,2.94,-2.819966482548E-16));
#1649 = VECTOR('',#1650,1.);
#1650 = DIRECTION('',(0.,0.,1.));
#1651 = ORIENTED_EDGE('',*,*,#1652,.F.);
#1652 = EDGE_CURVE('',#1521,#1645,#1653,.T.);
#1653 = LINE('',#1654,#1655);
#1654 = CARTESIAN_POINT('',(2.94,2.14,0.2));
#1655 = VECTOR('',#1656,1.);
#1656 = DIRECTION('',(0.,1.,0.));
#1657 = PLANE('',#1658);
#1658 = AXIS2_PLACEMENT_3D('',#1659,#1660,#1661);
#1659 = CARTESIAN_POINT('',(2.94,2.14,-2.819966482548E-16));
#1660 = DIRECTION('',(-1.,0.,0.));
#1661 = DIRECTION('',(0.,1.,0.));
#1662 = ADVANCED_FACE('',(#1663),#1679,.F.);
#1663 = FACE_BOUND('',#1664,.F.);
#1664 = EDGE_LOOP('',(#1665,#1666,#1672,#1673));
#1665 = ORIENTED_EDGE('',*,*,#1644,.T.);
#1666 = ORIENTED_EDGE('',*,*,#1667,.T.);
#1667 = EDGE_CURVE('',#1637,#1545,#1668,.T.);
#1668 = LINE('',#1669,#1670);
#1669 = CARTESIAN_POINT('',(2.94,2.94,11.8));
#1670 = VECTOR('',#1671,1.);
#1671 = DIRECTION('',(-1.,0.,0.));
#1672 = ORIENTED_EDGE('',*,*,#1542,.F.);
#1673 = ORIENTED_EDGE('',*,*,#1674,.F.);
#1674 = EDGE_CURVE('',#1645,#1543,#1675,.T.);
#1675 = LINE('',#1676,#1677);
#1676 = CARTESIAN_POINT('',(2.94,2.94,0.2));
#1677 = VECTOR('',#1678,1.);
#1678 = DIRECTION('',(-1.,0.,0.));
#1679 = PLANE('',#1680);
#1680 = AXIS2_PLACEMENT_3D('',#1681,#1682,#1683);
#1681 = CARTESIAN_POINT('',(2.94,2.94,-2.819966482548E-16));
#1682 = DIRECTION('',(0.,-1.,0.));
#1683 = DIRECTION('',(-1.,0.,0.));
#1684 = ADVANCED_FACE('',(#1685),#1703,.T.);
#1685 = FACE_BOUND('',#1686,.F.);
#1686 = EDGE_LOOP('',(#1687,#1695,#1696,#1697));
#1687 = ORIENTED_EDGE('',*,*,#1688,.T.);
#1688 = EDGE_CURVE('',#1689,#1543,#1691,.T.);
#1689 = VERTEX_POINT('',#1690);
#1690 = CARTESIAN_POINT('',(2.34,2.74,-2.958744360626E-16));
#1691 = LINE('',#1692,#1693);
#1692 = CARTESIAN_POINT('',(2.34,2.74,-3.652633751017E-16));
#1693 = VECTOR('',#1694,1.);
#1694 = DIRECTION('',(-0.57735026919,0.57735026919,0.57735026919));
#1695 = ORIENTED_EDGE('',*,*,#1559,.T.);
#1696 = ORIENTED_EDGE('',*,*,#1573,.T.);
#1697 = ORIENTED_EDGE('',*,*,#1698,.F.);
#1698 = EDGE_CURVE('',#1689,#1574,#1699,.T.);
#1699 = LINE('',#1700,#1701);
#1700 = CARTESIAN_POINT('',(2.34,2.94,-2.819966482548E-16));
#1701 = VECTOR('',#1702,1.);
#1702 = DIRECTION('',(0.,-1.,0.));
#1703 = PLANE('',#1704);
#1704 = AXIS2_PLACEMENT_3D('',#1705,#1706,#1707);
#1705 = CARTESIAN_POINT('',(2.24,2.94,1.E-01));
#1706 = DIRECTION('',(-0.707106781187,0.,-0.707106781187));
#1707 = DIRECTION('',(0.,1.,0.));
#1708 = ADVANCED_FACE('',(#1709),#1727,.F.);
#1709 = FACE_BOUND('',#1710,.T.);
#1710 = EDGE_LOOP('',(#1711,#1719,#1720,#1721));
#1711 = ORIENTED_EDGE('',*,*,#1712,.F.);
#1712 = EDGE_CURVE('',#1545,#1713,#1715,.T.);
#1713 = VERTEX_POINT('',#1714);
#1714 = CARTESIAN_POINT('',(2.34,2.74,12.));
#1715 = LINE('',#1716,#1717);
#1716 = CARTESIAN_POINT('',(2.34,2.74,12.));
#1717 = VECTOR('',#1718,1.);
#1718 = DIRECTION('',(0.57735026919,-0.57735026919,0.57735026919));
#1719 = ORIENTED_EDGE('',*,*,#1552,.T.);
#1720 = ORIENTED_EDGE('',*,*,#1604,.T.);
#1721 = ORIENTED_EDGE('',*,*,#1722,.F.);
#1722 = EDGE_CURVE('',#1713,#1605,#1723,.T.);
#1723 = LINE('',#1724,#1725);
#1724 = CARTESIAN_POINT('',(2.34,2.94,12.));
#1725 = VECTOR('',#1726,1.);
#1726 = DIRECTION('',(0.,-1.,0.));
#1727 = PLANE('',#1728);
#1728 = AXIS2_PLACEMENT_3D('',#1729,#1730,#1731);
#1729 = CARTESIAN_POINT('',(2.24,2.94,11.9));
#1730 = DIRECTION('',(0.707106781187,-1.735417226645E-18,-0.707106781187
    ));
#1731 = DIRECTION('',(1.227125289148E-18,1.,-1.227125289148E-18));
#1732 = ADVANCED_FACE('',(#1733),#1751,.F.);
#1733 = FACE_BOUND('',#1734,.F.);
#1734 = EDGE_LOOP('',(#1735,#1736,#1744,#1750));
#1735 = ORIENTED_EDGE('',*,*,#1590,.T.);
#1736 = ORIENTED_EDGE('',*,*,#1737,.T.);
#1737 = EDGE_CURVE('',#1583,#1738,#1740,.T.);
#1738 = VERTEX_POINT('',#1739);
#1739 = CARTESIAN_POINT('',(2.74,2.74,-2.958744360626E-16));
#1740 = LINE('',#1741,#1742);
#1741 = CARTESIAN_POINT('',(2.74,2.14,-2.819966482548E-16));
#1742 = VECTOR('',#1743,1.);
#1743 = DIRECTION('',(0.,1.,0.));
#1744 = ORIENTED_EDGE('',*,*,#1745,.T.);
#1745 = EDGE_CURVE('',#1738,#1689,#1746,.T.);
#1746 = LINE('',#1747,#1748);
#1747 = CARTESIAN_POINT('',(2.94,2.74,-2.819966482548E-16));
#1748 = VECTOR('',#1749,1.);
#1749 = DIRECTION('',(-1.,0.,0.));
#1750 = ORIENTED_EDGE('',*,*,#1698,.T.);
#1751 = PLANE('',#1752);
#1752 = AXIS2_PLACEMENT_3D('',#1753,#1754,#1755);
#1753 = CARTESIAN_POINT('',(2.54,2.54,-2.819966482548E-16));
#1754 = DIRECTION('',(0.,0.,1.));
#1755 = DIRECTION('',(1.,0.,0.));
#1756 = ADVANCED_FACE('',(#1757),#1768,.T.);
#1757 = FACE_BOUND('',#1758,.T.);
#1758 = EDGE_LOOP('',(#1759,#1760,#1761,#1767));
#1759 = ORIENTED_EDGE('',*,*,#1582,.T.);
#1760 = ORIENTED_EDGE('',*,*,#1737,.T.);
#1761 = ORIENTED_EDGE('',*,*,#1762,.T.);
#1762 = EDGE_CURVE('',#1738,#1645,#1763,.T.);
#1763 = LINE('',#1764,#1765);
#1764 = CARTESIAN_POINT('',(2.74,2.74,-3.652633751017E-16));
#1765 = VECTOR('',#1766,1.);
#1766 = DIRECTION('',(0.57735026919,0.57735026919,0.57735026919));
#1767 = ORIENTED_EDGE('',*,*,#1652,.F.);
#1768 = PLANE('',#1769);
#1769 = AXIS2_PLACEMENT_3D('',#1770,#1771,#1772);
#1770 = CARTESIAN_POINT('',(2.84,2.14,1.E-01));
#1771 = DIRECTION('',(0.707106781187,0.,-0.707106781187));
#1772 = DIRECTION('',(0.,1.,0.));
#1773 = ADVANCED_FACE('',(#1774),#1792,.T.);
#1774 = FACE_BOUND('',#1775,.T.);
#1775 = EDGE_LOOP('',(#1776,#1777,#1785,#1791));
#1776 = ORIENTED_EDGE('',*,*,#1621,.T.);
#1777 = ORIENTED_EDGE('',*,*,#1778,.T.);
#1778 = EDGE_CURVE('',#1614,#1779,#1781,.T.);
#1779 = VERTEX_POINT('',#1780);
#1780 = CARTESIAN_POINT('',(2.74,2.74,12.));
#1781 = LINE('',#1782,#1783);
#1782 = CARTESIAN_POINT('',(2.74,2.14,12.));
#1783 = VECTOR('',#1784,1.);
#1784 = DIRECTION('',(0.,1.,0.));
#1785 = ORIENTED_EDGE('',*,*,#1786,.T.);
#1786 = EDGE_CURVE('',#1779,#1713,#1787,.T.);
#1787 = LINE('',#1788,#1789);
#1788 = CARTESIAN_POINT('',(2.94,2.74,12.));
#1789 = VECTOR('',#1790,1.);
#1790 = DIRECTION('',(-1.,0.,0.));
#1791 = ORIENTED_EDGE('',*,*,#1722,.T.);
#1792 = PLANE('',#1793);
#1793 = AXIS2_PLACEMENT_3D('',#1794,#1795,#1796);
#1794 = CARTESIAN_POINT('',(2.54,2.54,12.));
#1795 = DIRECTION('',(0.,0.,1.));
#1796 = DIRECTION('',(1.,0.,0.));
#1797 = ADVANCED_FACE('',(#1798),#1809,.F.);
#1798 = FACE_BOUND('',#1799,.T.);
#1799 = EDGE_LOOP('',(#1800,#1801,#1802,#1808));
#1800 = ORIENTED_EDGE('',*,*,#1613,.F.);
#1801 = ORIENTED_EDGE('',*,*,#1636,.T.);
#1802 = ORIENTED_EDGE('',*,*,#1803,.T.);
#1803 = EDGE_CURVE('',#1637,#1779,#1804,.T.);
#1804 = LINE('',#1805,#1806);
#1805 = CARTESIAN_POINT('',(2.74,2.74,12.));
#1806 = VECTOR('',#1807,1.);
#1807 = DIRECTION('',(-0.57735026919,-0.57735026919,0.57735026919));
#1808 = ORIENTED_EDGE('',*,*,#1778,.F.);
#1809 = PLANE('',#1810);
#1810 = AXIS2_PLACEMENT_3D('',#1811,#1812,#1813);
#1811 = CARTESIAN_POINT('',(2.84,2.14,11.9));
#1812 = DIRECTION('',(-0.707106781187,1.735417226645E-18,-0.707106781187
    ));
#1813 = DIRECTION('',(-1.227125289148E-18,-1.,-1.227125289148E-18));
#1814 = ADVANCED_FACE('',(#1815),#1821,.T.);
#1815 = FACE_BOUND('',#1816,.T.);
#1816 = EDGE_LOOP('',(#1817,#1818,#1819,#1820));
#1817 = ORIENTED_EDGE('',*,*,#1762,.F.);
#1818 = ORIENTED_EDGE('',*,*,#1745,.T.);
#1819 = ORIENTED_EDGE('',*,*,#1688,.T.);
#1820 = ORIENTED_EDGE('',*,*,#1674,.F.);
#1821 = PLANE('',#1822);
#1822 = AXIS2_PLACEMENT_3D('',#1823,#1824,#1825);
#1823 = CARTESIAN_POINT('',(2.94,2.84,1.E-01));
#1824 = DIRECTION('',(0.,0.707106781187,-0.707106781187));
#1825 = DIRECTION('',(-1.,0.,0.));
#1826 = ADVANCED_FACE('',(#1827),#1833,.F.);
#1827 = FACE_BOUND('',#1828,.T.);
#1828 = EDGE_LOOP('',(#1829,#1830,#1831,#1832));
#1829 = ORIENTED_EDGE('',*,*,#1803,.F.);
#1830 = ORIENTED_EDGE('',*,*,#1667,.T.);
#1831 = ORIENTED_EDGE('',*,*,#1712,.T.);
#1832 = ORIENTED_EDGE('',*,*,#1786,.F.);
#1833 = PLANE('',#1834);
#1834 = AXIS2_PLACEMENT_3D('',#1835,#1836,#1837);
#1835 = CARTESIAN_POINT('',(2.94,2.84,11.9));
#1836 = DIRECTION('',(-1.735417226645E-18,-0.707106781187,
    -0.707106781187));
#1837 = DIRECTION('',(1.,-1.227125289148E-18,-1.227125289148E-18));
#1838 = MANIFOLD_SOLID_BREP('',#1839);
#1839 = CLOSED_SHELL('',(#1840,#1880,#1911,#1942,#1973,#2004,#2026,#2050
    ,#2074,#2098,#2115,#2139,#2156,#2168));
#1840 = ADVANCED_FACE('',(#1841),#1875,.F.);
#1841 = FACE_BOUND('',#1842,.F.);
#1842 = EDGE_LOOP('',(#1843,#1853,#1861,#1869));
#1843 = ORIENTED_EDGE('',*,*,#1844,.T.);
#1844 = EDGE_CURVE('',#1845,#1847,#1849,.T.);
#1845 = VERTEX_POINT('',#1846);
#1846 = CARTESIAN_POINT('',(4.68,-0.4,0.2));
#1847 = VERTEX_POINT('',#1848);
#1848 = CARTESIAN_POINT('',(4.68,-0.4,11.8));
#1849 = LINE('',#1850,#1851);
#1850 = CARTESIAN_POINT('',(4.68,-0.4,0.));
#1851 = VECTOR('',#1852,1.);
#1852 = DIRECTION('',(0.,0.,1.));
#1853 = ORIENTED_EDGE('',*,*,#1854,.T.);
#1854 = EDGE_CURVE('',#1847,#1855,#1857,.T.);
#1855 = VERTEX_POINT('',#1856);
#1856 = CARTESIAN_POINT('',(5.48,-0.4,11.8));
#1857 = LINE('',#1858,#1859);
#1858 = CARTESIAN_POINT('',(4.68,-0.4,11.8));
#1859 = VECTOR('',#1860,1.);
#1860 = DIRECTION('',(1.,0.,0.));
#1861 = ORIENTED_EDGE('',*,*,#1862,.F.);
#1862 = EDGE_CURVE('',#1863,#1855,#1865,.T.);
#1863 = VERTEX_POINT('',#1864);
#1864 = CARTESIAN_POINT('',(5.48,-0.4,0.2));
#1865 = LINE('',#1866,#1867);
#1866 = CARTESIAN_POINT('',(5.48,-0.4,0.));
#1867 = VECTOR('',#1868,1.);
#1868 = DIRECTION('',(0.,0.,1.));
#1869 = ORIENTED_EDGE('',*,*,#1870,.F.);
#1870 = EDGE_CURVE('',#1845,#1863,#1871,.T.);
#1871 = LINE('',#1872,#1873);
#1872 = CARTESIAN_POINT('',(4.68,-0.4,0.2));
#1873 = VECTOR('',#1874,1.);
#1874 = DIRECTION('',(1.,0.,0.));
#1875 = PLANE('',#1876);
#1876 = AXIS2_PLACEMENT_3D('',#1877,#1878,#1879);
#1877 = CARTESIAN_POINT('',(4.68,-0.4,0.));
#1878 = DIRECTION('',(0.,1.,0.));
#1879 = DIRECTION('',(1.,0.,0.));
#1880 = ADVANCED_FACE('',(#1881),#1906,.F.);
#1881 = FACE_BOUND('',#1882,.F.);
#1882 = EDGE_LOOP('',(#1883,#1893,#1899,#1900));
#1883 = ORIENTED_EDGE('',*,*,#1884,.T.);
#1884 = EDGE_CURVE('',#1885,#1887,#1889,.T.);
#1885 = VERTEX_POINT('',#1886);
#1886 = CARTESIAN_POINT('',(4.68,0.4,0.2));
#1887 = VERTEX_POINT('',#1888);
#1888 = CARTESIAN_POINT('',(4.68,0.4,11.8));
#1889 = LINE('',#1890,#1891);
#1890 = CARTESIAN_POINT('',(4.68,0.4,0.));
#1891 = VECTOR('',#1892,1.);
#1892 = DIRECTION('',(0.,0.,1.));
#1893 = ORIENTED_EDGE('',*,*,#1894,.T.);
#1894 = EDGE_CURVE('',#1887,#1847,#1895,.T.);
#1895 = LINE('',#1896,#1897);
#1896 = CARTESIAN_POINT('',(4.68,0.4,11.8));
#1897 = VECTOR('',#1898,1.);
#1898 = DIRECTION('',(0.,-1.,0.));
#1899 = ORIENTED_EDGE('',*,*,#1844,.F.);
#1900 = ORIENTED_EDGE('',*,*,#1901,.F.);
#1901 = EDGE_CURVE('',#1885,#1845,#1902,.T.);
#1902 = LINE('',#1903,#1904);
#1903 = CARTESIAN_POINT('',(4.68,0.4,0.2));
#1904 = VECTOR('',#1905,1.);
#1905 = DIRECTION('',(0.,-1.,0.));
#1906 = PLANE('',#1907);
#1907 = AXIS2_PLACEMENT_3D('',#1908,#1909,#1910);
#1908 = CARTESIAN_POINT('',(4.68,0.4,0.));
#1909 = DIRECTION('',(1.,0.,0.));
#1910 = DIRECTION('',(0.,-1.,0.));
#1911 = ADVANCED_FACE('',(#1912),#1937,.T.);
#1912 = FACE_BOUND('',#1913,.F.);
#1913 = EDGE_LOOP('',(#1914,#1922,#1923,#1931));
#1914 = ORIENTED_EDGE('',*,*,#1915,.F.);
#1915 = EDGE_CURVE('',#1845,#1916,#1918,.T.);
#1916 = VERTEX_POINT('',#1917);
#1917 = CARTESIAN_POINT('',(4.88,-0.2,-1.387778780781E-17));
#1918 = LINE('',#1919,#1920);
#1919 = CARTESIAN_POINT('',(4.88,-0.2,-8.326672684689E-17));
#1920 = VECTOR('',#1921,1.);
#1921 = DIRECTION('',(0.57735026919,0.57735026919,-0.57735026919));
#1922 = ORIENTED_EDGE('',*,*,#1870,.T.);
#1923 = ORIENTED_EDGE('',*,*,#1924,.T.);
#1924 = EDGE_CURVE('',#1863,#1925,#1927,.T.);
#1925 = VERTEX_POINT('',#1926);
#1926 = CARTESIAN_POINT('',(5.28,-0.2,-1.387778780781E-17));
#1927 = LINE('',#1928,#1929);
#1928 = CARTESIAN_POINT('',(5.28,-0.2,-8.326672684689E-17));
#1929 = VECTOR('',#1930,1.);
#1930 = DIRECTION('',(-0.57735026919,0.57735026919,-0.57735026919));
#1931 = ORIENTED_EDGE('',*,*,#1932,.F.);
#1932 = EDGE_CURVE('',#1916,#1925,#1933,.T.);
#1933 = LINE('',#1934,#1935);
#1934 = CARTESIAN_POINT('',(4.68,-0.2,0.));
#1935 = VECTOR('',#1936,1.);
#1936 = DIRECTION('',(1.,0.,0.));
#1937 = PLANE('',#1938);
#1938 = AXIS2_PLACEMENT_3D('',#1939,#1940,#1941);
#1939 = CARTESIAN_POINT('',(4.68,-0.3,0.1));
#1940 = DIRECTION('',(0.,-0.707106781187,-0.707106781187));
#1941 = DIRECTION('',(-1.,-0.,-0.));
#1942 = ADVANCED_FACE('',(#1943),#1968,.F.);
#1943 = FACE_BOUND('',#1944,.T.);
#1944 = EDGE_LOOP('',(#1945,#1953,#1954,#1962));
#1945 = ORIENTED_EDGE('',*,*,#1946,.F.);
#1946 = EDGE_CURVE('',#1847,#1947,#1949,.T.);
#1947 = VERTEX_POINT('',#1948);
#1948 = CARTESIAN_POINT('',(4.88,-0.2,12.));
#1949 = LINE('',#1950,#1951);
#1950 = CARTESIAN_POINT('',(4.88,-0.2,12.));
#1951 = VECTOR('',#1952,1.);
#1952 = DIRECTION('',(0.57735026919,0.57735026919,0.57735026919));
#1953 = ORIENTED_EDGE('',*,*,#1854,.T.);
#1954 = ORIENTED_EDGE('',*,*,#1955,.T.);
#1955 = EDGE_CURVE('',#1855,#1956,#1958,.T.);
#1956 = VERTEX_POINT('',#1957);
#1957 = CARTESIAN_POINT('',(5.28,-0.2,12.));
#1958 = LINE('',#1959,#1960);
#1959 = CARTESIAN_POINT('',(5.28,-0.2,12.));
#1960 = VECTOR('',#1961,1.);
#1961 = DIRECTION('',(-0.57735026919,0.57735026919,0.57735026919));
#1962 = ORIENTED_EDGE('',*,*,#1963,.F.);
#1963 = EDGE_CURVE('',#1947,#1956,#1964,.T.);
#1964 = LINE('',#1965,#1966);
#1965 = CARTESIAN_POINT('',(4.68,-0.2,12.));
#1966 = VECTOR('',#1967,1.);
#1967 = DIRECTION('',(1.,0.,0.));
#1968 = PLANE('',#1969);
#1969 = AXIS2_PLACEMENT_3D('',#1970,#1971,#1972);
#1970 = CARTESIAN_POINT('',(4.68,-0.3,11.9));
#1971 = DIRECTION('',(1.735417226645E-18,0.707106781187,-0.707106781187)
  );
#1972 = DIRECTION('',(-1.,1.227125289148E-18,-1.227125289148E-18));
#1973 = ADVANCED_FACE('',(#1974),#1999,.F.);
#1974 = FACE_BOUND('',#1975,.F.);
#1975 = EDGE_LOOP('',(#1976,#1977,#1985,#1993));
#1976 = ORIENTED_EDGE('',*,*,#1862,.T.);
#1977 = ORIENTED_EDGE('',*,*,#1978,.T.);
#1978 = EDGE_CURVE('',#1855,#1979,#1981,.T.);
#1979 = VERTEX_POINT('',#1980);
#1980 = CARTESIAN_POINT('',(5.48,0.4,11.8));
#1981 = LINE('',#1982,#1983);
#1982 = CARTESIAN_POINT('',(5.48,-0.4,11.8));
#1983 = VECTOR('',#1984,1.);
#1984 = DIRECTION('',(0.,1.,0.));
#1985 = ORIENTED_EDGE('',*,*,#1986,.F.);
#1986 = EDGE_CURVE('',#1987,#1979,#1989,.T.);
#1987 = VERTEX_POINT('',#1988);
#1988 = CARTESIAN_POINT('',(5.48,0.4,0.2));
#1989 = LINE('',#1990,#1991);
#1990 = CARTESIAN_POINT('',(5.48,0.4,0.));
#1991 = VECTOR('',#1992,1.);
#1992 = DIRECTION('',(0.,0.,1.));
#1993 = ORIENTED_EDGE('',*,*,#1994,.F.);
#1994 = EDGE_CURVE('',#1863,#1987,#1995,.T.);
#1995 = LINE('',#1996,#1997);
#1996 = CARTESIAN_POINT('',(5.48,-0.4,0.2));
#1997 = VECTOR('',#1998,1.);
#1998 = DIRECTION('',(0.,1.,0.));
#1999 = PLANE('',#2000);
#2000 = AXIS2_PLACEMENT_3D('',#2001,#2002,#2003);
#2001 = CARTESIAN_POINT('',(5.48,-0.4,0.));
#2002 = DIRECTION('',(-1.,0.,0.));
#2003 = DIRECTION('',(0.,1.,0.));
#2004 = ADVANCED_FACE('',(#2005),#2021,.F.);
#2005 = FACE_BOUND('',#2006,.F.);
#2006 = EDGE_LOOP('',(#2007,#2008,#2014,#2015));
#2007 = ORIENTED_EDGE('',*,*,#1986,.T.);
#2008 = ORIENTED_EDGE('',*,*,#2009,.T.);
#2009 = EDGE_CURVE('',#1979,#1887,#2010,.T.);
#2010 = LINE('',#2011,#2012);
#2011 = CARTESIAN_POINT('',(5.48,0.4,11.8));
#2012 = VECTOR('',#2013,1.);
#2013 = DIRECTION('',(-1.,0.,0.));
#2014 = ORIENTED_EDGE('',*,*,#1884,.F.);
#2015 = ORIENTED_EDGE('',*,*,#2016,.F.);
#2016 = EDGE_CURVE('',#1987,#1885,#2017,.T.);
#2017 = LINE('',#2018,#2019);
#2018 = CARTESIAN_POINT('',(5.48,0.4,0.2));
#2019 = VECTOR('',#2020,1.);
#2020 = DIRECTION('',(-1.,0.,0.));
#2021 = PLANE('',#2022);
#2022 = AXIS2_PLACEMENT_3D('',#2023,#2024,#2025);
#2023 = CARTESIAN_POINT('',(5.48,0.4,0.));
#2024 = DIRECTION('',(0.,-1.,0.));
#2025 = DIRECTION('',(-1.,0.,0.));
#2026 = ADVANCED_FACE('',(#2027),#2045,.T.);
#2027 = FACE_BOUND('',#2028,.F.);
#2028 = EDGE_LOOP('',(#2029,#2037,#2038,#2039));
#2029 = ORIENTED_EDGE('',*,*,#2030,.T.);
#2030 = EDGE_CURVE('',#2031,#1885,#2033,.T.);
#2031 = VERTEX_POINT('',#2032);
#2032 = CARTESIAN_POINT('',(4.88,0.2,-1.387778780781E-17));
#2033 = LINE('',#2034,#2035);
#2034 = CARTESIAN_POINT('',(4.88,0.2,-8.326672684689E-17));
#2035 = VECTOR('',#2036,1.);
#2036 = DIRECTION('',(-0.57735026919,0.57735026919,0.57735026919));
#2037 = ORIENTED_EDGE('',*,*,#1901,.T.);
#2038 = ORIENTED_EDGE('',*,*,#1915,.T.);
#2039 = ORIENTED_EDGE('',*,*,#2040,.F.);
#2040 = EDGE_CURVE('',#2031,#1916,#2041,.T.);
#2041 = LINE('',#2042,#2043);
#2042 = CARTESIAN_POINT('',(4.88,0.4,0.));
#2043 = VECTOR('',#2044,1.);
#2044 = DIRECTION('',(0.,-1.,0.));
#2045 = PLANE('',#2046);
#2046 = AXIS2_PLACEMENT_3D('',#2047,#2048,#2049);
#2047 = CARTESIAN_POINT('',(4.78,0.4,0.1));
#2048 = DIRECTION('',(-0.707106781187,0.,-0.707106781187));
#2049 = DIRECTION('',(0.,1.,0.));
#2050 = ADVANCED_FACE('',(#2051),#2069,.F.);
#2051 = FACE_BOUND('',#2052,.T.);
#2052 = EDGE_LOOP('',(#2053,#2061,#2062,#2063));
#2053 = ORIENTED_EDGE('',*,*,#2054,.F.);
#2054 = EDGE_CURVE('',#1887,#2055,#2057,.T.);
#2055 = VERTEX_POINT('',#2056);
#2056 = CARTESIAN_POINT('',(4.88,0.2,12.));
#2057 = LINE('',#2058,#2059);
#2058 = CARTESIAN_POINT('',(4.88,0.2,12.));
#2059 = VECTOR('',#2060,1.);
#2060 = DIRECTION('',(0.57735026919,-0.57735026919,0.57735026919));
#2061 = ORIENTED_EDGE('',*,*,#1894,.T.);
#2062 = ORIENTED_EDGE('',*,*,#1946,.T.);
#2063 = ORIENTED_EDGE('',*,*,#2064,.F.);
#2064 = EDGE_CURVE('',#2055,#1947,#2065,.T.);
#2065 = LINE('',#2066,#2067);
#2066 = CARTESIAN_POINT('',(4.88,0.4,12.));
#2067 = VECTOR('',#2068,1.);
#2068 = DIRECTION('',(0.,-1.,0.));
#2069 = PLANE('',#2070);
#2070 = AXIS2_PLACEMENT_3D('',#2071,#2072,#2073);
#2071 = CARTESIAN_POINT('',(4.78,0.4,11.9));
#2072 = DIRECTION('',(0.707106781187,-1.735417226645E-18,-0.707106781187
    ));
#2073 = DIRECTION('',(1.227125289148E-18,1.,-1.227125289148E-18));
#2074 = ADVANCED_FACE('',(#2075),#2093,.F.);
#2075 = FACE_BOUND('',#2076,.F.);
#2076 = EDGE_LOOP('',(#2077,#2078,#2086,#2092));
#2077 = ORIENTED_EDGE('',*,*,#1932,.T.);
#2078 = ORIENTED_EDGE('',*,*,#2079,.T.);
#2079 = EDGE_CURVE('',#1925,#2080,#2082,.T.);
#2080 = VERTEX_POINT('',#2081);
#2081 = CARTESIAN_POINT('',(5.28,0.2,-1.387778780781E-17));
#2082 = LINE('',#2083,#2084);
#2083 = CARTESIAN_POINT('',(5.28,-0.4,0.));
#2084 = VECTOR('',#2085,1.);
#2085 = DIRECTION('',(0.,1.,0.));
#2086 = ORIENTED_EDGE('',*,*,#2087,.T.);
#2087 = EDGE_CURVE('',#2080,#2031,#2088,.T.);
#2088 = LINE('',#2089,#2090);
#2089 = CARTESIAN_POINT('',(5.48,0.2,0.));
#2090 = VECTOR('',#2091,1.);
#2091 = DIRECTION('',(-1.,0.,0.));
#2092 = ORIENTED_EDGE('',*,*,#2040,.T.);
#2093 = PLANE('',#2094);
#2094 = AXIS2_PLACEMENT_3D('',#2095,#2096,#2097);
#2095 = CARTESIAN_POINT('',(5.08,0.,0.));
#2096 = DIRECTION('',(0.,0.,1.));
#2097 = DIRECTION('',(1.,0.,0.));
#2098 = ADVANCED_FACE('',(#2099),#2110,.T.);
#2099 = FACE_BOUND('',#2100,.T.);
#2100 = EDGE_LOOP('',(#2101,#2102,#2103,#2109));
#2101 = ORIENTED_EDGE('',*,*,#1924,.T.);
#2102 = ORIENTED_EDGE('',*,*,#2079,.T.);
#2103 = ORIENTED_EDGE('',*,*,#2104,.T.);
#2104 = EDGE_CURVE('',#2080,#1987,#2105,.T.);
#2105 = LINE('',#2106,#2107);
#2106 = CARTESIAN_POINT('',(5.28,0.2,-8.326672684689E-17));
#2107 = VECTOR('',#2108,1.);
#2108 = DIRECTION('',(0.57735026919,0.57735026919,0.57735026919));
#2109 = ORIENTED_EDGE('',*,*,#1994,.F.);
#2110 = PLANE('',#2111);
#2111 = AXIS2_PLACEMENT_3D('',#2112,#2113,#2114);
#2112 = CARTESIAN_POINT('',(5.38,-0.4,0.1));
#2113 = DIRECTION('',(0.707106781187,0.,-0.707106781187));
#2114 = DIRECTION('',(0.,1.,0.));
#2115 = ADVANCED_FACE('',(#2116),#2134,.T.);
#2116 = FACE_BOUND('',#2117,.T.);
#2117 = EDGE_LOOP('',(#2118,#2119,#2127,#2133));
#2118 = ORIENTED_EDGE('',*,*,#1963,.T.);
#2119 = ORIENTED_EDGE('',*,*,#2120,.T.);
#2120 = EDGE_CURVE('',#1956,#2121,#2123,.T.);
#2121 = VERTEX_POINT('',#2122);
#2122 = CARTESIAN_POINT('',(5.28,0.2,12.));
#2123 = LINE('',#2124,#2125);
#2124 = CARTESIAN_POINT('',(5.28,-0.4,12.));
#2125 = VECTOR('',#2126,1.);
#2126 = DIRECTION('',(0.,1.,0.));
#2127 = ORIENTED_EDGE('',*,*,#2128,.T.);
#2128 = EDGE_CURVE('',#2121,#2055,#2129,.T.);
#2129 = LINE('',#2130,#2131);
#2130 = CARTESIAN_POINT('',(5.48,0.2,12.));
#2131 = VECTOR('',#2132,1.);
#2132 = DIRECTION('',(-1.,0.,0.));
#2133 = ORIENTED_EDGE('',*,*,#2064,.T.);
#2134 = PLANE('',#2135);
#2135 = AXIS2_PLACEMENT_3D('',#2136,#2137,#2138);
#2136 = CARTESIAN_POINT('',(5.08,0.,12.));
#2137 = DIRECTION('',(0.,0.,1.));
#2138 = DIRECTION('',(1.,0.,0.));
#2139 = ADVANCED_FACE('',(#2140),#2151,.F.);
#2140 = FACE_BOUND('',#2141,.T.);
#2141 = EDGE_LOOP('',(#2142,#2143,#2144,#2150));
#2142 = ORIENTED_EDGE('',*,*,#1955,.F.);
#2143 = ORIENTED_EDGE('',*,*,#1978,.T.);
#2144 = ORIENTED_EDGE('',*,*,#2145,.T.);
#2145 = EDGE_CURVE('',#1979,#2121,#2146,.T.);
#2146 = LINE('',#2147,#2148);
#2147 = CARTESIAN_POINT('',(5.28,0.2,12.));
#2148 = VECTOR('',#2149,1.);
#2149 = DIRECTION('',(-0.57735026919,-0.57735026919,0.57735026919));
#2150 = ORIENTED_EDGE('',*,*,#2120,.F.);
#2151 = PLANE('',#2152);
#2152 = AXIS2_PLACEMENT_3D('',#2153,#2154,#2155);
#2153 = CARTESIAN_POINT('',(5.38,-0.4,11.9));
#2154 = DIRECTION('',(-0.707106781187,1.735417226645E-18,-0.707106781187
    ));
#2155 = DIRECTION('',(-1.227125289148E-18,-1.,-1.227125289148E-18));
#2156 = ADVANCED_FACE('',(#2157),#2163,.T.);
#2157 = FACE_BOUND('',#2158,.T.);
#2158 = EDGE_LOOP('',(#2159,#2160,#2161,#2162));
#2159 = ORIENTED_EDGE('',*,*,#2104,.F.);
#2160 = ORIENTED_EDGE('',*,*,#2087,.T.);
#2161 = ORIENTED_EDGE('',*,*,#2030,.T.);
#2162 = ORIENTED_EDGE('',*,*,#2016,.F.);
#2163 = PLANE('',#2164);
#2164 = AXIS2_PLACEMENT_3D('',#2165,#2166,#2167);
#2165 = CARTESIAN_POINT('',(5.48,0.3,0.1));
#2166 = DIRECTION('',(0.,0.707106781187,-0.707106781187));
#2167 = DIRECTION('',(-1.,0.,0.));
#2168 = ADVANCED_FACE('',(#2169),#2175,.F.);
#2169 = FACE_BOUND('',#2170,.T.);
#2170 = EDGE_LOOP('',(#2171,#2172,#2173,#2174));
#2171 = ORIENTED_EDGE('',*,*,#2145,.F.);
#2172 = ORIENTED_EDGE('',*,*,#2009,.T.);
#2173 = ORIENTED_EDGE('',*,*,#2054,.T.);
#2174 = ORIENTED_EDGE('',*,*,#2128,.F.);
#2175 = PLANE('',#2176);
#2176 = AXIS2_PLACEMENT_3D('',#2177,#2178,#2179);
#2177 = CARTESIAN_POINT('',(5.48,0.3,11.9));
#2178 = DIRECTION('',(-1.735417226645E-18,-0.707106781187,
    -0.707106781187));
#2179 = DIRECTION('',(1.,-1.227125289148E-18,-1.227125289148E-18));
#2180 = MANIFOLD_SOLID_BREP('',#2181);
#2181 = CLOSED_SHELL('',(#2182,#2222,#2253,#2284,#2315,#2346,#2368,#2392
    ,#2416,#2440,#2457,#2481,#2498,#2510));
#2182 = ADVANCED_FACE('',(#2183),#2217,.F.);
#2183 = FACE_BOUND('',#2184,.F.);
#2184 = EDGE_LOOP('',(#2185,#2195,#2203,#2211));
#2185 = ORIENTED_EDGE('',*,*,#2186,.T.);
#2186 = EDGE_CURVE('',#2187,#2189,#2191,.T.);
#2187 = VERTEX_POINT('',#2188);
#2188 = CARTESIAN_POINT('',(4.68,2.14,0.2));
#2189 = VERTEX_POINT('',#2190);
#2190 = CARTESIAN_POINT('',(4.68,2.14,11.8));
#2191 = LINE('',#2192,#2193);
#2192 = CARTESIAN_POINT('',(4.68,2.14,-2.819966482548E-16));
#2193 = VECTOR('',#2194,1.);
#2194 = DIRECTION('',(0.,0.,1.));
#2195 = ORIENTED_EDGE('',*,*,#2196,.T.);
#2196 = EDGE_CURVE('',#2189,#2197,#2199,.T.);
#2197 = VERTEX_POINT('',#2198);
#2198 = CARTESIAN_POINT('',(5.48,2.14,11.8));
#2199 = LINE('',#2200,#2201);
#2200 = CARTESIAN_POINT('',(4.68,2.14,11.8));
#2201 = VECTOR('',#2202,1.);
#2202 = DIRECTION('',(1.,0.,0.));
#2203 = ORIENTED_EDGE('',*,*,#2204,.F.);
#2204 = EDGE_CURVE('',#2205,#2197,#2207,.T.);
#2205 = VERTEX_POINT('',#2206);
#2206 = CARTESIAN_POINT('',(5.48,2.14,0.2));
#2207 = LINE('',#2208,#2209);
#2208 = CARTESIAN_POINT('',(5.48,2.14,-2.819966482548E-16));
#2209 = VECTOR('',#2210,1.);
#2210 = DIRECTION('',(0.,0.,1.));
#2211 = ORIENTED_EDGE('',*,*,#2212,.F.);
#2212 = EDGE_CURVE('',#2187,#2205,#2213,.T.);
#2213 = LINE('',#2214,#2215);
#2214 = CARTESIAN_POINT('',(4.68,2.14,0.2));
#2215 = VECTOR('',#2216,1.);
#2216 = DIRECTION('',(1.,0.,0.));
#2217 = PLANE('',#2218);
#2218 = AXIS2_PLACEMENT_3D('',#2219,#2220,#2221);
#2219 = CARTESIAN_POINT('',(4.68,2.14,-2.819966482548E-16));
#2220 = DIRECTION('',(0.,1.,0.));
#2221 = DIRECTION('',(1.,0.,0.));
#2222 = ADVANCED_FACE('',(#2223),#2248,.F.);
#2223 = FACE_BOUND('',#2224,.F.);
#2224 = EDGE_LOOP('',(#2225,#2235,#2241,#2242));
#2225 = ORIENTED_EDGE('',*,*,#2226,.T.);
#2226 = EDGE_CURVE('',#2227,#2229,#2231,.T.);
#2227 = VERTEX_POINT('',#2228);
#2228 = CARTESIAN_POINT('',(4.68,2.94,0.2));
#2229 = VERTEX_POINT('',#2230);
#2230 = CARTESIAN_POINT('',(4.68,2.94,11.8));
#2231 = LINE('',#2232,#2233);
#2232 = CARTESIAN_POINT('',(4.68,2.94,-2.819966482548E-16));
#2233 = VECTOR('',#2234,1.);
#2234 = DIRECTION('',(0.,0.,1.));
#2235 = ORIENTED_EDGE('',*,*,#2236,.T.);
#2236 = EDGE_CURVE('',#2229,#2189,#2237,.T.);
#2237 = LINE('',#2238,#2239);
#2238 = CARTESIAN_POINT('',(4.68,2.94,11.8));
#2239 = VECTOR('',#2240,1.);
#2240 = DIRECTION('',(0.,-1.,0.));
#2241 = ORIENTED_EDGE('',*,*,#2186,.F.);
#2242 = ORIENTED_EDGE('',*,*,#2243,.F.);
#2243 = EDGE_CURVE('',#2227,#2187,#2244,.T.);
#2244 = LINE('',#2245,#2246);
#2245 = CARTESIAN_POINT('',(4.68,2.94,0.2));
#2246 = VECTOR('',#2247,1.);
#2247 = DIRECTION('',(0.,-1.,0.));
#2248 = PLANE('',#2249);
#2249 = AXIS2_PLACEMENT_3D('',#2250,#2251,#2252);
#2250 = CARTESIAN_POINT('',(4.68,2.94,-2.819966482548E-16));
#2251 = DIRECTION('',(1.,0.,0.));
#2252 = DIRECTION('',(0.,-1.,0.));
#2253 = ADVANCED_FACE('',(#2254),#2279,.T.);
#2254 = FACE_BOUND('',#2255,.F.);
#2255 = EDGE_LOOP('',(#2256,#2264,#2265,#2273));
#2256 = ORIENTED_EDGE('',*,*,#2257,.F.);
#2257 = EDGE_CURVE('',#2187,#2258,#2260,.T.);
#2258 = VERTEX_POINT('',#2259);
#2259 = CARTESIAN_POINT('',(4.88,2.34,-2.958744360626E-16));
#2260 = LINE('',#2261,#2262);
#2261 = CARTESIAN_POINT('',(4.88,2.34,-3.652633751017E-16));
#2262 = VECTOR('',#2263,1.);
#2263 = DIRECTION('',(0.57735026919,0.57735026919,-0.57735026919));
#2264 = ORIENTED_EDGE('',*,*,#2212,.T.);
#2265 = ORIENTED_EDGE('',*,*,#2266,.T.);
#2266 = EDGE_CURVE('',#2205,#2267,#2269,.T.);
#2267 = VERTEX_POINT('',#2268);
#2268 = CARTESIAN_POINT('',(5.28,2.34,-2.958744360626E-16));
#2269 = LINE('',#2270,#2271);
#2270 = CARTESIAN_POINT('',(5.28,2.34,-3.652633751017E-16));
#2271 = VECTOR('',#2272,1.);
#2272 = DIRECTION('',(-0.57735026919,0.57735026919,-0.57735026919));
#2273 = ORIENTED_EDGE('',*,*,#2274,.F.);
#2274 = EDGE_CURVE('',#2258,#2267,#2275,.T.);
#2275 = LINE('',#2276,#2277);
#2276 = CARTESIAN_POINT('',(4.68,2.34,-2.819966482548E-16));
#2277 = VECTOR('',#2278,1.);
#2278 = DIRECTION('',(1.,0.,0.));
#2279 = PLANE('',#2280);
#2280 = AXIS2_PLACEMENT_3D('',#2281,#2282,#2283);
#2281 = CARTESIAN_POINT('',(4.68,2.24,1.E-01));
#2282 = DIRECTION('',(0.,-0.707106781187,-0.707106781187));
#2283 = DIRECTION('',(-1.,-0.,-0.));
#2284 = ADVANCED_FACE('',(#2285),#2310,.F.);
#2285 = FACE_BOUND('',#2286,.T.);
#2286 = EDGE_LOOP('',(#2287,#2295,#2296,#2304));
#2287 = ORIENTED_EDGE('',*,*,#2288,.F.);
#2288 = EDGE_CURVE('',#2189,#2289,#2291,.T.);
#2289 = VERTEX_POINT('',#2290);
#2290 = CARTESIAN_POINT('',(4.88,2.34,12.));
#2291 = LINE('',#2292,#2293);
#2292 = CARTESIAN_POINT('',(4.88,2.34,12.));
#2293 = VECTOR('',#2294,1.);
#2294 = DIRECTION('',(0.57735026919,0.57735026919,0.57735026919));
#2295 = ORIENTED_EDGE('',*,*,#2196,.T.);
#2296 = ORIENTED_EDGE('',*,*,#2297,.T.);
#2297 = EDGE_CURVE('',#2197,#2298,#2300,.T.);
#2298 = VERTEX_POINT('',#2299);
#2299 = CARTESIAN_POINT('',(5.28,2.34,12.));
#2300 = LINE('',#2301,#2302);
#2301 = CARTESIAN_POINT('',(5.28,2.34,12.));
#2302 = VECTOR('',#2303,1.);
#2303 = DIRECTION('',(-0.57735026919,0.57735026919,0.57735026919));
#2304 = ORIENTED_EDGE('',*,*,#2305,.F.);
#2305 = EDGE_CURVE('',#2289,#2298,#2306,.T.);
#2306 = LINE('',#2307,#2308);
#2307 = CARTESIAN_POINT('',(4.68,2.34,12.));
#2308 = VECTOR('',#2309,1.);
#2309 = DIRECTION('',(1.,0.,0.));
#2310 = PLANE('',#2311);
#2311 = AXIS2_PLACEMENT_3D('',#2312,#2313,#2314);
#2312 = CARTESIAN_POINT('',(4.68,2.24,11.9));
#2313 = DIRECTION('',(1.735417226645E-18,0.707106781187,-0.707106781187)
  );
#2314 = DIRECTION('',(-1.,1.227125289148E-18,-1.227125289148E-18));
#2315 = ADVANCED_FACE('',(#2316),#2341,.F.);
#2316 = FACE_BOUND('',#2317,.F.);
#2317 = EDGE_LOOP('',(#2318,#2319,#2327,#2335));
#2318 = ORIENTED_EDGE('',*,*,#2204,.T.);
#2319 = ORIENTED_EDGE('',*,*,#2320,.T.);
#2320 = EDGE_CURVE('',#2197,#2321,#2323,.T.);
#2321 = VERTEX_POINT('',#2322);
#2322 = CARTESIAN_POINT('',(5.48,2.94,11.8));
#2323 = LINE('',#2324,#2325);
#2324 = CARTESIAN_POINT('',(5.48,2.14,11.8));
#2325 = VECTOR('',#2326,1.);
#2326 = DIRECTION('',(0.,1.,0.));
#2327 = ORIENTED_EDGE('',*,*,#2328,.F.);
#2328 = EDGE_CURVE('',#2329,#2321,#2331,.T.);
#2329 = VERTEX_POINT('',#2330);
#2330 = CARTESIAN_POINT('',(5.48,2.94,0.2));
#2331 = LINE('',#2332,#2333);
#2332 = CARTESIAN_POINT('',(5.48,2.94,-2.819966482548E-16));
#2333 = VECTOR('',#2334,1.);
#2334 = DIRECTION('',(0.,0.,1.));
#2335 = ORIENTED_EDGE('',*,*,#2336,.F.);
#2336 = EDGE_CURVE('',#2205,#2329,#2337,.T.);
#2337 = LINE('',#2338,#2339);
#2338 = CARTESIAN_POINT('',(5.48,2.14,0.2));
#2339 = VECTOR('',#2340,1.);
#2340 = DIRECTION('',(0.,1.,0.));
#2341 = PLANE('',#2342);
#2342 = AXIS2_PLACEMENT_3D('',#2343,#2344,#2345);
#2343 = CARTESIAN_POINT('',(5.48,2.14,-2.819966482548E-16));
#2344 = DIRECTION('',(-1.,0.,0.));
#2345 = DIRECTION('',(0.,1.,0.));
#2346 = ADVANCED_FACE('',(#2347),#2363,.F.);
#2347 = FACE_BOUND('',#2348,.F.);
#2348 = EDGE_LOOP('',(#2349,#2350,#2356,#2357));
#2349 = ORIENTED_EDGE('',*,*,#2328,.T.);
#2350 = ORIENTED_EDGE('',*,*,#2351,.T.);
#2351 = EDGE_CURVE('',#2321,#2229,#2352,.T.);
#2352 = LINE('',#2353,#2354);
#2353 = CARTESIAN_POINT('',(5.48,2.94,11.8));
#2354 = VECTOR('',#2355,1.);
#2355 = DIRECTION('',(-1.,0.,0.));
#2356 = ORIENTED_EDGE('',*,*,#2226,.F.);
#2357 = ORIENTED_EDGE('',*,*,#2358,.F.);
#2358 = EDGE_CURVE('',#2329,#2227,#2359,.T.);
#2359 = LINE('',#2360,#2361);
#2360 = CARTESIAN_POINT('',(5.48,2.94,0.2));
#2361 = VECTOR('',#2362,1.);
#2362 = DIRECTION('',(-1.,0.,0.));
#2363 = PLANE('',#2364);
#2364 = AXIS2_PLACEMENT_3D('',#2365,#2366,#2367);
#2365 = CARTESIAN_POINT('',(5.48,2.94,-2.819966482548E-16));
#2366 = DIRECTION('',(0.,-1.,0.));
#2367 = DIRECTION('',(-1.,0.,0.));
#2368 = ADVANCED_FACE('',(#2369),#2387,.T.);
#2369 = FACE_BOUND('',#2370,.F.);
#2370 = EDGE_LOOP('',(#2371,#2379,#2380,#2381));
#2371 = ORIENTED_EDGE('',*,*,#2372,.T.);
#2372 = EDGE_CURVE('',#2373,#2227,#2375,.T.);
#2373 = VERTEX_POINT('',#2374);
#2374 = CARTESIAN_POINT('',(4.88,2.74,-2.958744360626E-16));
#2375 = LINE('',#2376,#2377);
#2376 = CARTESIAN_POINT('',(4.88,2.74,-3.652633751017E-16));
#2377 = VECTOR('',#2378,1.);
#2378 = DIRECTION('',(-0.57735026919,0.57735026919,0.57735026919));
#2379 = ORIENTED_EDGE('',*,*,#2243,.T.);
#2380 = ORIENTED_EDGE('',*,*,#2257,.T.);
#2381 = ORIENTED_EDGE('',*,*,#2382,.F.);
#2382 = EDGE_CURVE('',#2373,#2258,#2383,.T.);
#2383 = LINE('',#2384,#2385);
#2384 = CARTESIAN_POINT('',(4.88,2.94,-2.819966482548E-16));
#2385 = VECTOR('',#2386,1.);
#2386 = DIRECTION('',(0.,-1.,0.));
#2387 = PLANE('',#2388);
#2388 = AXIS2_PLACEMENT_3D('',#2389,#2390,#2391);
#2389 = CARTESIAN_POINT('',(4.78,2.94,1.E-01));
#2390 = DIRECTION('',(-0.707106781187,0.,-0.707106781187));
#2391 = DIRECTION('',(0.,1.,0.));
#2392 = ADVANCED_FACE('',(#2393),#2411,.F.);
#2393 = FACE_BOUND('',#2394,.T.);
#2394 = EDGE_LOOP('',(#2395,#2403,#2404,#2405));
#2395 = ORIENTED_EDGE('',*,*,#2396,.F.);
#2396 = EDGE_CURVE('',#2229,#2397,#2399,.T.);
#2397 = VERTEX_POINT('',#2398);
#2398 = CARTESIAN_POINT('',(4.88,2.74,12.));
#2399 = LINE('',#2400,#2401);
#2400 = CARTESIAN_POINT('',(4.88,2.74,12.));
#2401 = VECTOR('',#2402,1.);
#2402 = DIRECTION('',(0.57735026919,-0.57735026919,0.57735026919));
#2403 = ORIENTED_EDGE('',*,*,#2236,.T.);
#2404 = ORIENTED_EDGE('',*,*,#2288,.T.);
#2405 = ORIENTED_EDGE('',*,*,#2406,.F.);
#2406 = EDGE_CURVE('',#2397,#2289,#2407,.T.);
#2407 = LINE('',#2408,#2409);
#2408 = CARTESIAN_POINT('',(4.88,2.94,12.));
#2409 = VECTOR('',#2410,1.);
#2410 = DIRECTION('',(0.,-1.,0.));
#2411 = PLANE('',#2412);
#2412 = AXIS2_PLACEMENT_3D('',#2413,#2414,#2415);
#2413 = CARTESIAN_POINT('',(4.78,2.94,11.9));
#2414 = DIRECTION('',(0.707106781187,-1.735417226645E-18,-0.707106781187
    ));
#2415 = DIRECTION('',(1.227125289148E-18,1.,-1.227125289148E-18));
#2416 = ADVANCED_FACE('',(#2417),#2435,.F.);
#2417 = FACE_BOUND('',#2418,.F.);
#2418 = EDGE_LOOP('',(#2419,#2420,#2428,#2434));
#2419 = ORIENTED_EDGE('',*,*,#2274,.T.);
#2420 = ORIENTED_EDGE('',*,*,#2421,.T.);
#2421 = EDGE_CURVE('',#2267,#2422,#2424,.T.);
#2422 = VERTEX_POINT('',#2423);
#2423 = CARTESIAN_POINT('',(5.28,2.74,-2.958744360626E-16));
#2424 = LINE('',#2425,#2426);
#2425 = CARTESIAN_POINT('',(5.28,2.14,-2.819966482548E-16));
#2426 = VECTOR('',#2427,1.);
#2427 = DIRECTION('',(0.,1.,0.));
#2428 = ORIENTED_EDGE('',*,*,#2429,.T.);
#2429 = EDGE_CURVE('',#2422,#2373,#2430,.T.);
#2430 = LINE('',#2431,#2432);
#2431 = CARTESIAN_POINT('',(5.48,2.74,-2.819966482548E-16));
#2432 = VECTOR('',#2433,1.);
#2433 = DIRECTION('',(-1.,0.,0.));
#2434 = ORIENTED_EDGE('',*,*,#2382,.T.);
#2435 = PLANE('',#2436);
#2436 = AXIS2_PLACEMENT_3D('',#2437,#2438,#2439);
#2437 = CARTESIAN_POINT('',(5.08,2.54,-2.819966482548E-16));
#2438 = DIRECTION('',(0.,0.,1.));
#2439 = DIRECTION('',(1.,0.,0.));
#2440 = ADVANCED_FACE('',(#2441),#2452,.T.);
#2441 = FACE_BOUND('',#2442,.T.);
#2442 = EDGE_LOOP('',(#2443,#2444,#2445,#2451));
#2443 = ORIENTED_EDGE('',*,*,#2266,.T.);
#2444 = ORIENTED_EDGE('',*,*,#2421,.T.);
#2445 = ORIENTED_EDGE('',*,*,#2446,.T.);
#2446 = EDGE_CURVE('',#2422,#2329,#2447,.T.);
#2447 = LINE('',#2448,#2449);
#2448 = CARTESIAN_POINT('',(5.28,2.74,-3.652633751017E-16));
#2449 = VECTOR('',#2450,1.);
#2450 = DIRECTION('',(0.57735026919,0.57735026919,0.57735026919));
#2451 = ORIENTED_EDGE('',*,*,#2336,.F.);
#2452 = PLANE('',#2453);
#2453 = AXIS2_PLACEMENT_3D('',#2454,#2455,#2456);
#2454 = CARTESIAN_POINT('',(5.38,2.14,1.E-01));
#2455 = DIRECTION('',(0.707106781187,0.,-0.707106781187));
#2456 = DIRECTION('',(0.,1.,0.));
#2457 = ADVANCED_FACE('',(#2458),#2476,.T.);
#2458 = FACE_BOUND('',#2459,.T.);
#2459 = EDGE_LOOP('',(#2460,#2461,#2469,#2475));
#2460 = ORIENTED_EDGE('',*,*,#2305,.T.);
#2461 = ORIENTED_EDGE('',*,*,#2462,.T.);
#2462 = EDGE_CURVE('',#2298,#2463,#2465,.T.);
#2463 = VERTEX_POINT('',#2464);
#2464 = CARTESIAN_POINT('',(5.28,2.74,12.));
#2465 = LINE('',#2466,#2467);
#2466 = CARTESIAN_POINT('',(5.28,2.14,12.));
#2467 = VECTOR('',#2468,1.);
#2468 = DIRECTION('',(0.,1.,0.));
#2469 = ORIENTED_EDGE('',*,*,#2470,.T.);
#2470 = EDGE_CURVE('',#2463,#2397,#2471,.T.);
#2471 = LINE('',#2472,#2473);
#2472 = CARTESIAN_POINT('',(5.48,2.74,12.));
#2473 = VECTOR('',#2474,1.);
#2474 = DIRECTION('',(-1.,0.,0.));
#2475 = ORIENTED_EDGE('',*,*,#2406,.T.);
#2476 = PLANE('',#2477);
#2477 = AXIS2_PLACEMENT_3D('',#2478,#2479,#2480);
#2478 = CARTESIAN_POINT('',(5.08,2.54,12.));
#2479 = DIRECTION('',(0.,0.,1.));
#2480 = DIRECTION('',(1.,0.,0.));
#2481 = ADVANCED_FACE('',(#2482),#2493,.F.);
#2482 = FACE_BOUND('',#2483,.T.);
#2483 = EDGE_LOOP('',(#2484,#2485,#2486,#2492));
#2484 = ORIENTED_EDGE('',*,*,#2297,.F.);
#2485 = ORIENTED_EDGE('',*,*,#2320,.T.);
#2486 = ORIENTED_EDGE('',*,*,#2487,.T.);
#2487 = EDGE_CURVE('',#2321,#2463,#2488,.T.);
#2488 = LINE('',#2489,#2490);
#2489 = CARTESIAN_POINT('',(5.28,2.74,12.));
#2490 = VECTOR('',#2491,1.);
#2491 = DIRECTION('',(-0.57735026919,-0.57735026919,0.57735026919));
#2492 = ORIENTED_EDGE('',*,*,#2462,.F.);
#2493 = PLANE('',#2494);
#2494 = AXIS2_PLACEMENT_3D('',#2495,#2496,#2497);
#2495 = CARTESIAN_POINT('',(5.38,2.14,11.9));
#2496 = DIRECTION('',(-0.707106781187,1.735417226645E-18,-0.707106781187
    ));
#2497 = DIRECTION('',(-1.227125289148E-18,-1.,-1.227125289148E-18));
#2498 = ADVANCED_FACE('',(#2499),#2505,.T.);
#2499 = FACE_BOUND('',#2500,.T.);
#2500 = EDGE_LOOP('',(#2501,#2502,#2503,#2504));
#2501 = ORIENTED_EDGE('',*,*,#2446,.F.);
#2502 = ORIENTED_EDGE('',*,*,#2429,.T.);
#2503 = ORIENTED_EDGE('',*,*,#2372,.T.);
#2504 = ORIENTED_EDGE('',*,*,#2358,.F.);
#2505 = PLANE('',#2506);
#2506 = AXIS2_PLACEMENT_3D('',#2507,#2508,#2509);
#2507 = CARTESIAN_POINT('',(5.48,2.84,1.E-01));
#2508 = DIRECTION('',(0.,0.707106781187,-0.707106781187));
#2509 = DIRECTION('',(-1.,0.,0.));
#2510 = ADVANCED_FACE('',(#2511),#2517,.F.);
#2511 = FACE_BOUND('',#2512,.T.);
#2512 = EDGE_LOOP('',(#2513,#2514,#2515,#2516));
#2513 = ORIENTED_EDGE('',*,*,#2487,.F.);
#2514 = ORIENTED_EDGE('',*,*,#2351,.T.);
#2515 = ORIENTED_EDGE('',*,*,#2396,.T.);
#2516 = ORIENTED_EDGE('',*,*,#2470,.F.);
#2517 = PLANE('',#2518);
#2518 = AXIS2_PLACEMENT_3D('',#2519,#2520,#2521);
#2519 = CARTESIAN_POINT('',(5.48,2.84,11.9));
#2520 = DIRECTION('',(-1.735417226645E-18,-0.707106781187,
    -0.707106781187));
#2521 = DIRECTION('',(1.,-1.227125289148E-18,-1.227125289148E-18));
#2522 = MANIFOLD_SOLID_BREP('',#2523);
#2523 = CLOSED_SHELL('',(#2524,#2564,#2595,#2626,#2657,#2688,#2710,#2734
    ,#2758,#2782,#2799,#2823,#2840,#2852));
#2524 = ADVANCED_FACE('',(#2525),#2559,.F.);
#2525 = FACE_BOUND('',#2526,.F.);
#2526 = EDGE_LOOP('',(#2527,#2537,#2545,#2553));
#2527 = ORIENTED_EDGE('',*,*,#2528,.T.);
#2528 = EDGE_CURVE('',#2529,#2531,#2533,.T.);
#2529 = VERTEX_POINT('',#2530);
#2530 = CARTESIAN_POINT('',(7.22,-0.4,0.2));
#2531 = VERTEX_POINT('',#2532);
#2532 = CARTESIAN_POINT('',(7.22,-0.4,11.8));
#2533 = LINE('',#2534,#2535);
#2534 = CARTESIAN_POINT('',(7.22,-0.4,0.));
#2535 = VECTOR('',#2536,1.);
#2536 = DIRECTION('',(0.,0.,1.));
#2537 = ORIENTED_EDGE('',*,*,#2538,.T.);
#2538 = EDGE_CURVE('',#2531,#2539,#2541,.T.);
#2539 = VERTEX_POINT('',#2540);
#2540 = CARTESIAN_POINT('',(8.02,-0.4,11.8));
#2541 = LINE('',#2542,#2543);
#2542 = CARTESIAN_POINT('',(7.22,-0.4,11.8));
#2543 = VECTOR('',#2544,1.);
#2544 = DIRECTION('',(1.,0.,0.));
#2545 = ORIENTED_EDGE('',*,*,#2546,.F.);
#2546 = EDGE_CURVE('',#2547,#2539,#2549,.T.);
#2547 = VERTEX_POINT('',#2548);
#2548 = CARTESIAN_POINT('',(8.02,-0.4,0.2));
#2549 = LINE('',#2550,#2551);
#2550 = CARTESIAN_POINT('',(8.02,-0.4,0.));
#2551 = VECTOR('',#2552,1.);
#2552 = DIRECTION('',(0.,0.,1.));
#2553 = ORIENTED_EDGE('',*,*,#2554,.F.);
#2554 = EDGE_CURVE('',#2529,#2547,#2555,.T.);
#2555 = LINE('',#2556,#2557);
#2556 = CARTESIAN_POINT('',(7.22,-0.4,0.2));
#2557 = VECTOR('',#2558,1.);
#2558 = DIRECTION('',(1.,0.,0.));
#2559 = PLANE('',#2560);
#2560 = AXIS2_PLACEMENT_3D('',#2561,#2562,#2563);
#2561 = CARTESIAN_POINT('',(7.22,-0.4,0.));
#2562 = DIRECTION('',(0.,1.,0.));
#2563 = DIRECTION('',(1.,0.,0.));
#2564 = ADVANCED_FACE('',(#2565),#2590,.F.);
#2565 = FACE_BOUND('',#2566,.F.);
#2566 = EDGE_LOOP('',(#2567,#2577,#2583,#2584));
#2567 = ORIENTED_EDGE('',*,*,#2568,.T.);
#2568 = EDGE_CURVE('',#2569,#2571,#2573,.T.);
#2569 = VERTEX_POINT('',#2570);
#2570 = CARTESIAN_POINT('',(7.22,0.4,0.2));
#2571 = VERTEX_POINT('',#2572);
#2572 = CARTESIAN_POINT('',(7.22,0.4,11.8));
#2573 = LINE('',#2574,#2575);
#2574 = CARTESIAN_POINT('',(7.22,0.4,0.));
#2575 = VECTOR('',#2576,1.);
#2576 = DIRECTION('',(0.,0.,1.));
#2577 = ORIENTED_EDGE('',*,*,#2578,.T.);
#2578 = EDGE_CURVE('',#2571,#2531,#2579,.T.);
#2579 = LINE('',#2580,#2581);
#2580 = CARTESIAN_POINT('',(7.22,0.4,11.8));
#2581 = VECTOR('',#2582,1.);
#2582 = DIRECTION('',(0.,-1.,0.));
#2583 = ORIENTED_EDGE('',*,*,#2528,.F.);
#2584 = ORIENTED_EDGE('',*,*,#2585,.F.);
#2585 = EDGE_CURVE('',#2569,#2529,#2586,.T.);
#2586 = LINE('',#2587,#2588);
#2587 = CARTESIAN_POINT('',(7.22,0.4,0.2));
#2588 = VECTOR('',#2589,1.);
#2589 = DIRECTION('',(0.,-1.,0.));
#2590 = PLANE('',#2591);
#2591 = AXIS2_PLACEMENT_3D('',#2592,#2593,#2594);
#2592 = CARTESIAN_POINT('',(7.22,0.4,0.));
#2593 = DIRECTION('',(1.,0.,0.));
#2594 = DIRECTION('',(0.,-1.,0.));
#2595 = ADVANCED_FACE('',(#2596),#2621,.T.);
#2596 = FACE_BOUND('',#2597,.F.);
#2597 = EDGE_LOOP('',(#2598,#2606,#2607,#2615));
#2598 = ORIENTED_EDGE('',*,*,#2599,.F.);
#2599 = EDGE_CURVE('',#2529,#2600,#2602,.T.);
#2600 = VERTEX_POINT('',#2601);
#2601 = CARTESIAN_POINT('',(7.42,-0.2,-1.387778780781E-17));
#2602 = LINE('',#2603,#2604);
#2603 = CARTESIAN_POINT('',(7.42,-0.2,-8.326672684689E-17));
#2604 = VECTOR('',#2605,1.);
#2605 = DIRECTION('',(0.57735026919,0.57735026919,-0.57735026919));
#2606 = ORIENTED_EDGE('',*,*,#2554,.T.);
#2607 = ORIENTED_EDGE('',*,*,#2608,.T.);
#2608 = EDGE_CURVE('',#2547,#2609,#2611,.T.);
#2609 = VERTEX_POINT('',#2610);
#2610 = CARTESIAN_POINT('',(7.82,-0.2,-1.387778780781E-17));
#2611 = LINE('',#2612,#2613);
#2612 = CARTESIAN_POINT('',(7.82,-0.2,-8.326672684689E-17));
#2613 = VECTOR('',#2614,1.);
#2614 = DIRECTION('',(-0.57735026919,0.57735026919,-0.57735026919));
#2615 = ORIENTED_EDGE('',*,*,#2616,.F.);
#2616 = EDGE_CURVE('',#2600,#2609,#2617,.T.);
#2617 = LINE('',#2618,#2619);
#2618 = CARTESIAN_POINT('',(7.22,-0.2,0.));
#2619 = VECTOR('',#2620,1.);
#2620 = DIRECTION('',(1.,0.,0.));
#2621 = PLANE('',#2622);
#2622 = AXIS2_PLACEMENT_3D('',#2623,#2624,#2625);
#2623 = CARTESIAN_POINT('',(7.22,-0.3,0.1));
#2624 = DIRECTION('',(0.,-0.707106781187,-0.707106781187));
#2625 = DIRECTION('',(-1.,-0.,-0.));
#2626 = ADVANCED_FACE('',(#2627),#2652,.F.);
#2627 = FACE_BOUND('',#2628,.T.);
#2628 = EDGE_LOOP('',(#2629,#2637,#2638,#2646));
#2629 = ORIENTED_EDGE('',*,*,#2630,.F.);
#2630 = EDGE_CURVE('',#2531,#2631,#2633,.T.);
#2631 = VERTEX_POINT('',#2632);
#2632 = CARTESIAN_POINT('',(7.42,-0.2,12.));
#2633 = LINE('',#2634,#2635);
#2634 = CARTESIAN_POINT('',(7.42,-0.2,12.));
#2635 = VECTOR('',#2636,1.);
#2636 = DIRECTION('',(0.57735026919,0.57735026919,0.57735026919));
#2637 = ORIENTED_EDGE('',*,*,#2538,.T.);
#2638 = ORIENTED_EDGE('',*,*,#2639,.T.);
#2639 = EDGE_CURVE('',#2539,#2640,#2642,.T.);
#2640 = VERTEX_POINT('',#2641);
#2641 = CARTESIAN_POINT('',(7.82,-0.2,12.));
#2642 = LINE('',#2643,#2644);
#2643 = CARTESIAN_POINT('',(7.82,-0.2,12.));
#2644 = VECTOR('',#2645,1.);
#2645 = DIRECTION('',(-0.57735026919,0.57735026919,0.57735026919));
#2646 = ORIENTED_EDGE('',*,*,#2647,.F.);
#2647 = EDGE_CURVE('',#2631,#2640,#2648,.T.);
#2648 = LINE('',#2649,#2650);
#2649 = CARTESIAN_POINT('',(7.22,-0.2,12.));
#2650 = VECTOR('',#2651,1.);
#2651 = DIRECTION('',(1.,0.,0.));
#2652 = PLANE('',#2653);
#2653 = AXIS2_PLACEMENT_3D('',#2654,#2655,#2656);
#2654 = CARTESIAN_POINT('',(7.22,-0.3,11.9));
#2655 = DIRECTION('',(1.735417226645E-18,0.707106781187,-0.707106781187)
  );
#2656 = DIRECTION('',(-1.,1.227125289148E-18,-1.227125289148E-18));
#2657 = ADVANCED_FACE('',(#2658),#2683,.F.);
#2658 = FACE_BOUND('',#2659,.F.);
#2659 = EDGE_LOOP('',(#2660,#2661,#2669,#2677));
#2660 = ORIENTED_EDGE('',*,*,#2546,.T.);
#2661 = ORIENTED_EDGE('',*,*,#2662,.T.);
#2662 = EDGE_CURVE('',#2539,#2663,#2665,.T.);
#2663 = VERTEX_POINT('',#2664);
#2664 = CARTESIAN_POINT('',(8.02,0.4,11.8));
#2665 = LINE('',#2666,#2667);
#2666 = CARTESIAN_POINT('',(8.02,-0.4,11.8));
#2667 = VECTOR('',#2668,1.);
#2668 = DIRECTION('',(0.,1.,0.));
#2669 = ORIENTED_EDGE('',*,*,#2670,.F.);
#2670 = EDGE_CURVE('',#2671,#2663,#2673,.T.);
#2671 = VERTEX_POINT('',#2672);
#2672 = CARTESIAN_POINT('',(8.02,0.4,0.2));
#2673 = LINE('',#2674,#2675);
#2674 = CARTESIAN_POINT('',(8.02,0.4,0.));
#2675 = VECTOR('',#2676,1.);
#2676 = DIRECTION('',(0.,0.,1.));
#2677 = ORIENTED_EDGE('',*,*,#2678,.F.);
#2678 = EDGE_CURVE('',#2547,#2671,#2679,.T.);
#2679 = LINE('',#2680,#2681);
#2680 = CARTESIAN_POINT('',(8.02,-0.4,0.2));
#2681 = VECTOR('',#2682,1.);
#2682 = DIRECTION('',(0.,1.,0.));
#2683 = PLANE('',#2684);
#2684 = AXIS2_PLACEMENT_3D('',#2685,#2686,#2687);
#2685 = CARTESIAN_POINT('',(8.02,-0.4,0.));
#2686 = DIRECTION('',(-1.,0.,0.));
#2687 = DIRECTION('',(0.,1.,0.));
#2688 = ADVANCED_FACE('',(#2689),#2705,.F.);
#2689 = FACE_BOUND('',#2690,.F.);
#2690 = EDGE_LOOP('',(#2691,#2692,#2698,#2699));
#2691 = ORIENTED_EDGE('',*,*,#2670,.T.);
#2692 = ORIENTED_EDGE('',*,*,#2693,.T.);
#2693 = EDGE_CURVE('',#2663,#2571,#2694,.T.);
#2694 = LINE('',#2695,#2696);
#2695 = CARTESIAN_POINT('',(8.02,0.4,11.8));
#2696 = VECTOR('',#2697,1.);
#2697 = DIRECTION('',(-1.,0.,0.));
#2698 = ORIENTED_EDGE('',*,*,#2568,.F.);
#2699 = ORIENTED_EDGE('',*,*,#2700,.F.);
#2700 = EDGE_CURVE('',#2671,#2569,#2701,.T.);
#2701 = LINE('',#2702,#2703);
#2702 = CARTESIAN_POINT('',(8.02,0.4,0.2));
#2703 = VECTOR('',#2704,1.);
#2704 = DIRECTION('',(-1.,0.,0.));
#2705 = PLANE('',#2706);
#2706 = AXIS2_PLACEMENT_3D('',#2707,#2708,#2709);
#2707 = CARTESIAN_POINT('',(8.02,0.4,0.));
#2708 = DIRECTION('',(0.,-1.,0.));
#2709 = DIRECTION('',(-1.,0.,0.));
#2710 = ADVANCED_FACE('',(#2711),#2729,.T.);
#2711 = FACE_BOUND('',#2712,.F.);
#2712 = EDGE_LOOP('',(#2713,#2721,#2722,#2723));
#2713 = ORIENTED_EDGE('',*,*,#2714,.T.);
#2714 = EDGE_CURVE('',#2715,#2569,#2717,.T.);
#2715 = VERTEX_POINT('',#2716);
#2716 = CARTESIAN_POINT('',(7.42,0.2,-1.387778780781E-17));
#2717 = LINE('',#2718,#2719);
#2718 = CARTESIAN_POINT('',(7.42,0.2,-8.326672684689E-17));
#2719 = VECTOR('',#2720,1.);
#2720 = DIRECTION('',(-0.57735026919,0.57735026919,0.57735026919));
#2721 = ORIENTED_EDGE('',*,*,#2585,.T.);
#2722 = ORIENTED_EDGE('',*,*,#2599,.T.);
#2723 = ORIENTED_EDGE('',*,*,#2724,.F.);
#2724 = EDGE_CURVE('',#2715,#2600,#2725,.T.);
#2725 = LINE('',#2726,#2727);
#2726 = CARTESIAN_POINT('',(7.42,0.4,0.));
#2727 = VECTOR('',#2728,1.);
#2728 = DIRECTION('',(0.,-1.,0.));
#2729 = PLANE('',#2730);
#2730 = AXIS2_PLACEMENT_3D('',#2731,#2732,#2733);
#2731 = CARTESIAN_POINT('',(7.32,0.4,0.1));
#2732 = DIRECTION('',(-0.707106781187,0.,-0.707106781187));
#2733 = DIRECTION('',(0.,1.,0.));
#2734 = ADVANCED_FACE('',(#2735),#2753,.F.);
#2735 = FACE_BOUND('',#2736,.T.);
#2736 = EDGE_LOOP('',(#2737,#2745,#2746,#2747));
#2737 = ORIENTED_EDGE('',*,*,#2738,.F.);
#2738 = EDGE_CURVE('',#2571,#2739,#2741,.T.);
#2739 = VERTEX_POINT('',#2740);
#2740 = CARTESIAN_POINT('',(7.42,0.2,12.));
#2741 = LINE('',#2742,#2743);
#2742 = CARTESIAN_POINT('',(7.42,0.2,12.));
#2743 = VECTOR('',#2744,1.);
#2744 = DIRECTION('',(0.57735026919,-0.57735026919,0.57735026919));
#2745 = ORIENTED_EDGE('',*,*,#2578,.T.);
#2746 = ORIENTED_EDGE('',*,*,#2630,.T.);
#2747 = ORIENTED_EDGE('',*,*,#2748,.F.);
#2748 = EDGE_CURVE('',#2739,#2631,#2749,.T.);
#2749 = LINE('',#2750,#2751);
#2750 = CARTESIAN_POINT('',(7.42,0.4,12.));
#2751 = VECTOR('',#2752,1.);
#2752 = DIRECTION('',(0.,-1.,0.));
#2753 = PLANE('',#2754);
#2754 = AXIS2_PLACEMENT_3D('',#2755,#2756,#2757);
#2755 = CARTESIAN_POINT('',(7.32,0.4,11.9));
#2756 = DIRECTION('',(0.707106781187,-1.735417226645E-18,-0.707106781187
    ));
#2757 = DIRECTION('',(1.227125289148E-18,1.,-1.227125289148E-18));
#2758 = ADVANCED_FACE('',(#2759),#2777,.F.);
#2759 = FACE_BOUND('',#2760,.F.);
#2760 = EDGE_LOOP('',(#2761,#2762,#2770,#2776));
#2761 = ORIENTED_EDGE('',*,*,#2616,.T.);
#2762 = ORIENTED_EDGE('',*,*,#2763,.T.);
#2763 = EDGE_CURVE('',#2609,#2764,#2766,.T.);
#2764 = VERTEX_POINT('',#2765);
#2765 = CARTESIAN_POINT('',(7.82,0.2,-1.387778780781E-17));
#2766 = LINE('',#2767,#2768);
#2767 = CARTESIAN_POINT('',(7.82,-0.4,0.));
#2768 = VECTOR('',#2769,1.);
#2769 = DIRECTION('',(0.,1.,0.));
#2770 = ORIENTED_EDGE('',*,*,#2771,.T.);
#2771 = EDGE_CURVE('',#2764,#2715,#2772,.T.);
#2772 = LINE('',#2773,#2774);
#2773 = CARTESIAN_POINT('',(8.02,0.2,0.));
#2774 = VECTOR('',#2775,1.);
#2775 = DIRECTION('',(-1.,0.,0.));
#2776 = ORIENTED_EDGE('',*,*,#2724,.T.);
#2777 = PLANE('',#2778);
#2778 = AXIS2_PLACEMENT_3D('',#2779,#2780,#2781);
#2779 = CARTESIAN_POINT('',(7.62,0.,0.));
#2780 = DIRECTION('',(0.,0.,1.));
#2781 = DIRECTION('',(1.,0.,0.));
#2782 = ADVANCED_FACE('',(#2783),#2794,.T.);
#2783 = FACE_BOUND('',#2784,.T.);
#2784 = EDGE_LOOP('',(#2785,#2786,#2787,#2793));
#2785 = ORIENTED_EDGE('',*,*,#2608,.T.);
#2786 = ORIENTED_EDGE('',*,*,#2763,.T.);
#2787 = ORIENTED_EDGE('',*,*,#2788,.T.);
#2788 = EDGE_CURVE('',#2764,#2671,#2789,.T.);
#2789 = LINE('',#2790,#2791);
#2790 = CARTESIAN_POINT('',(7.82,0.2,-8.326672684689E-17));
#2791 = VECTOR('',#2792,1.);
#2792 = DIRECTION('',(0.57735026919,0.57735026919,0.57735026919));
#2793 = ORIENTED_EDGE('',*,*,#2678,.F.);
#2794 = PLANE('',#2795);
#2795 = AXIS2_PLACEMENT_3D('',#2796,#2797,#2798);
#2796 = CARTESIAN_POINT('',(7.92,-0.4,0.1));
#2797 = DIRECTION('',(0.707106781187,0.,-0.707106781187));
#2798 = DIRECTION('',(0.,1.,0.));
#2799 = ADVANCED_FACE('',(#2800),#2818,.T.);
#2800 = FACE_BOUND('',#2801,.T.);
#2801 = EDGE_LOOP('',(#2802,#2803,#2811,#2817));
#2802 = ORIENTED_EDGE('',*,*,#2647,.T.);
#2803 = ORIENTED_EDGE('',*,*,#2804,.T.);
#2804 = EDGE_CURVE('',#2640,#2805,#2807,.T.);
#2805 = VERTEX_POINT('',#2806);
#2806 = CARTESIAN_POINT('',(7.82,0.2,12.));
#2807 = LINE('',#2808,#2809);
#2808 = CARTESIAN_POINT('',(7.82,-0.4,12.));
#2809 = VECTOR('',#2810,1.);
#2810 = DIRECTION('',(0.,1.,0.));
#2811 = ORIENTED_EDGE('',*,*,#2812,.T.);
#2812 = EDGE_CURVE('',#2805,#2739,#2813,.T.);
#2813 = LINE('',#2814,#2815);
#2814 = CARTESIAN_POINT('',(8.02,0.2,12.));
#2815 = VECTOR('',#2816,1.);
#2816 = DIRECTION('',(-1.,0.,0.));
#2817 = ORIENTED_EDGE('',*,*,#2748,.T.);
#2818 = PLANE('',#2819);
#2819 = AXIS2_PLACEMENT_3D('',#2820,#2821,#2822);
#2820 = CARTESIAN_POINT('',(7.62,0.,12.));
#2821 = DIRECTION('',(0.,0.,1.));
#2822 = DIRECTION('',(1.,0.,0.));
#2823 = ADVANCED_FACE('',(#2824),#2835,.F.);
#2824 = FACE_BOUND('',#2825,.T.);
#2825 = EDGE_LOOP('',(#2826,#2827,#2828,#2834));
#2826 = ORIENTED_EDGE('',*,*,#2639,.F.);
#2827 = ORIENTED_EDGE('',*,*,#2662,.T.);
#2828 = ORIENTED_EDGE('',*,*,#2829,.T.);
#2829 = EDGE_CURVE('',#2663,#2805,#2830,.T.);
#2830 = LINE('',#2831,#2832);
#2831 = CARTESIAN_POINT('',(7.82,0.2,12.));
#2832 = VECTOR('',#2833,1.);
#2833 = DIRECTION('',(-0.57735026919,-0.57735026919,0.57735026919));
#2834 = ORIENTED_EDGE('',*,*,#2804,.F.);
#2835 = PLANE('',#2836);
#2836 = AXIS2_PLACEMENT_3D('',#2837,#2838,#2839);
#2837 = CARTESIAN_POINT('',(7.92,-0.4,11.9));
#2838 = DIRECTION('',(-0.707106781187,1.735417226645E-18,-0.707106781187
    ));
#2839 = DIRECTION('',(-1.227125289148E-18,-1.,-1.227125289148E-18));
#2840 = ADVANCED_FACE('',(#2841),#2847,.T.);
#2841 = FACE_BOUND('',#2842,.T.);
#2842 = EDGE_LOOP('',(#2843,#2844,#2845,#2846));
#2843 = ORIENTED_EDGE('',*,*,#2788,.F.);
#2844 = ORIENTED_EDGE('',*,*,#2771,.T.);
#2845 = ORIENTED_EDGE('',*,*,#2714,.T.);
#2846 = ORIENTED_EDGE('',*,*,#2700,.F.);
#2847 = PLANE('',#2848);
#2848 = AXIS2_PLACEMENT_3D('',#2849,#2850,#2851);
#2849 = CARTESIAN_POINT('',(8.02,0.3,0.1));
#2850 = DIRECTION('',(0.,0.707106781187,-0.707106781187));
#2851 = DIRECTION('',(-1.,0.,0.));
#2852 = ADVANCED_FACE('',(#2853),#2859,.F.);
#2853 = FACE_BOUND('',#2854,.T.);
#2854 = EDGE_LOOP('',(#2855,#2856,#2857,#2858));
#2855 = ORIENTED_EDGE('',*,*,#2829,.F.);
#2856 = ORIENTED_EDGE('',*,*,#2693,.T.);
#2857 = ORIENTED_EDGE('',*,*,#2738,.T.);
#2858 = ORIENTED_EDGE('',*,*,#2812,.F.);
#2859 = PLANE('',#2860);
#2860 = AXIS2_PLACEMENT_3D('',#2861,#2862,#2863);
#2861 = CARTESIAN_POINT('',(8.02,0.3,11.9));
#2862 = DIRECTION('',(-1.735417226645E-18,-0.707106781187,
    -0.707106781187));
#2863 = DIRECTION('',(1.,-1.227125289148E-18,-1.227125289148E-18));
#2864 = MANIFOLD_SOLID_BREP('',#2865);
#2865 = CLOSED_SHELL('',(#2866,#2906,#2937,#2968,#2999,#3030,#3052,#3076
    ,#3100,#3124,#3141,#3165,#3182,#3194));
#2866 = ADVANCED_FACE('',(#2867),#2901,.F.);
#2867 = FACE_BOUND('',#2868,.F.);
#2868 = EDGE_LOOP('',(#2869,#2879,#2887,#2895));
#2869 = ORIENTED_EDGE('',*,*,#2870,.T.);
#2870 = EDGE_CURVE('',#2871,#2873,#2875,.T.);
#2871 = VERTEX_POINT('',#2872);
#2872 = CARTESIAN_POINT('',(7.22,2.14,0.2));
#2873 = VERTEX_POINT('',#2874);
#2874 = CARTESIAN_POINT('',(7.22,2.14,11.8));
#2875 = LINE('',#2876,#2877);
#2876 = CARTESIAN_POINT('',(7.22,2.14,-2.819966482548E-16));
#2877 = VECTOR('',#2878,1.);
#2878 = DIRECTION('',(0.,0.,1.));
#2879 = ORIENTED_EDGE('',*,*,#2880,.T.);
#2880 = EDGE_CURVE('',#2873,#2881,#2883,.T.);
#2881 = VERTEX_POINT('',#2882);
#2882 = CARTESIAN_POINT('',(8.02,2.14,11.8));
#2883 = LINE('',#2884,#2885);
#2884 = CARTESIAN_POINT('',(7.22,2.14,11.8));
#2885 = VECTOR('',#2886,1.);
#2886 = DIRECTION('',(1.,0.,0.));
#2887 = ORIENTED_EDGE('',*,*,#2888,.F.);
#2888 = EDGE_CURVE('',#2889,#2881,#2891,.T.);
#2889 = VERTEX_POINT('',#2890);
#2890 = CARTESIAN_POINT('',(8.02,2.14,0.2));
#2891 = LINE('',#2892,#2893);
#2892 = CARTESIAN_POINT('',(8.02,2.14,-2.819966482548E-16));
#2893 = VECTOR('',#2894,1.);
#2894 = DIRECTION('',(0.,0.,1.));
#2895 = ORIENTED_EDGE('',*,*,#2896,.F.);
#2896 = EDGE_CURVE('',#2871,#2889,#2897,.T.);
#2897 = LINE('',#2898,#2899);
#2898 = CARTESIAN_POINT('',(7.22,2.14,0.2));
#2899 = VECTOR('',#2900,1.);
#2900 = DIRECTION('',(1.,0.,0.));
#2901 = PLANE('',#2902);
#2902 = AXIS2_PLACEMENT_3D('',#2903,#2904,#2905);
#2903 = CARTESIAN_POINT('',(7.22,2.14,-2.819966482548E-16));
#2904 = DIRECTION('',(0.,1.,0.));
#2905 = DIRECTION('',(1.,0.,0.));
#2906 = ADVANCED_FACE('',(#2907),#2932,.F.);
#2907 = FACE_BOUND('',#2908,.F.);
#2908 = EDGE_LOOP('',(#2909,#2919,#2925,#2926));
#2909 = ORIENTED_EDGE('',*,*,#2910,.T.);
#2910 = EDGE_CURVE('',#2911,#2913,#2915,.T.);
#2911 = VERTEX_POINT('',#2912);
#2912 = CARTESIAN_POINT('',(7.22,2.94,0.2));
#2913 = VERTEX_POINT('',#2914);
#2914 = CARTESIAN_POINT('',(7.22,2.94,11.8));
#2915 = LINE('',#2916,#2917);
#2916 = CARTESIAN_POINT('',(7.22,2.94,-2.819966482548E-16));
#2917 = VECTOR('',#2918,1.);
#2918 = DIRECTION('',(0.,0.,1.));
#2919 = ORIENTED_EDGE('',*,*,#2920,.T.);
#2920 = EDGE_CURVE('',#2913,#2873,#2921,.T.);
#2921 = LINE('',#2922,#2923);
#2922 = CARTESIAN_POINT('',(7.22,2.94,11.8));
#2923 = VECTOR('',#2924,1.);
#2924 = DIRECTION('',(0.,-1.,0.));
#2925 = ORIENTED_EDGE('',*,*,#2870,.F.);
#2926 = ORIENTED_EDGE('',*,*,#2927,.F.);
#2927 = EDGE_CURVE('',#2911,#2871,#2928,.T.);
#2928 = LINE('',#2929,#2930);
#2929 = CARTESIAN_POINT('',(7.22,2.94,0.2));
#2930 = VECTOR('',#2931,1.);
#2931 = DIRECTION('',(0.,-1.,0.));
#2932 = PLANE('',#2933);
#2933 = AXIS2_PLACEMENT_3D('',#2934,#2935,#2936);
#2934 = CARTESIAN_POINT('',(7.22,2.94,-2.819966482548E-16));
#2935 = DIRECTION('',(1.,0.,0.));
#2936 = DIRECTION('',(0.,-1.,0.));
#2937 = ADVANCED_FACE('',(#2938),#2963,.T.);
#2938 = FACE_BOUND('',#2939,.F.);
#2939 = EDGE_LOOP('',(#2940,#2948,#2949,#2957));
#2940 = ORIENTED_EDGE('',*,*,#2941,.F.);
#2941 = EDGE_CURVE('',#2871,#2942,#2944,.T.);
#2942 = VERTEX_POINT('',#2943);
#2943 = CARTESIAN_POINT('',(7.42,2.34,-2.958744360626E-16));
#2944 = LINE('',#2945,#2946);
#2945 = CARTESIAN_POINT('',(7.42,2.34,-3.652633751017E-16));
#2946 = VECTOR('',#2947,1.);
#2947 = DIRECTION('',(0.57735026919,0.57735026919,-0.57735026919));
#2948 = ORIENTED_EDGE('',*,*,#2896,.T.);
#2949 = ORIENTED_EDGE('',*,*,#2950,.T.);
#2950 = EDGE_CURVE('',#2889,#2951,#2953,.T.);
#2951 = VERTEX_POINT('',#2952);
#2952 = CARTESIAN_POINT('',(7.82,2.34,-2.958744360626E-16));
#2953 = LINE('',#2954,#2955);
#2954 = CARTESIAN_POINT('',(7.82,2.34,-3.652633751017E-16));
#2955 = VECTOR('',#2956,1.);
#2956 = DIRECTION('',(-0.57735026919,0.57735026919,-0.57735026919));
#2957 = ORIENTED_EDGE('',*,*,#2958,.F.);
#2958 = EDGE_CURVE('',#2942,#2951,#2959,.T.);
#2959 = LINE('',#2960,#2961);
#2960 = CARTESIAN_POINT('',(7.22,2.34,-2.819966482548E-16));
#2961 = VECTOR('',#2962,1.);
#2962 = DIRECTION('',(1.,0.,0.));
#2963 = PLANE('',#2964);
#2964 = AXIS2_PLACEMENT_3D('',#2965,#2966,#2967);
#2965 = CARTESIAN_POINT('',(7.22,2.24,1.E-01));
#2966 = DIRECTION('',(0.,-0.707106781187,-0.707106781187));
#2967 = DIRECTION('',(-1.,-0.,-0.));
#2968 = ADVANCED_FACE('',(#2969),#2994,.F.);
#2969 = FACE_BOUND('',#2970,.T.);
#2970 = EDGE_LOOP('',(#2971,#2979,#2980,#2988));
#2971 = ORIENTED_EDGE('',*,*,#2972,.F.);
#2972 = EDGE_CURVE('',#2873,#2973,#2975,.T.);
#2973 = VERTEX_POINT('',#2974);
#2974 = CARTESIAN_POINT('',(7.42,2.34,12.));
#2975 = LINE('',#2976,#2977);
#2976 = CARTESIAN_POINT('',(7.42,2.34,12.));
#2977 = VECTOR('',#2978,1.);
#2978 = DIRECTION('',(0.57735026919,0.57735026919,0.57735026919));
#2979 = ORIENTED_EDGE('',*,*,#2880,.T.);
#2980 = ORIENTED_EDGE('',*,*,#2981,.T.);
#2981 = EDGE_CURVE('',#2881,#2982,#2984,.T.);
#2982 = VERTEX_POINT('',#2983);
#2983 = CARTESIAN_POINT('',(7.82,2.34,12.));
#2984 = LINE('',#2985,#2986);
#2985 = CARTESIAN_POINT('',(7.82,2.34,12.));
#2986 = VECTOR('',#2987,1.);
#2987 = DIRECTION('',(-0.57735026919,0.57735026919,0.57735026919));
#2988 = ORIENTED_EDGE('',*,*,#2989,.F.);
#2989 = EDGE_CURVE('',#2973,#2982,#2990,.T.);
#2990 = LINE('',#2991,#2992);
#2991 = CARTESIAN_POINT('',(7.22,2.34,12.));
#2992 = VECTOR('',#2993,1.);
#2993 = DIRECTION('',(1.,0.,0.));
#2994 = PLANE('',#2995);
#2995 = AXIS2_PLACEMENT_3D('',#2996,#2997,#2998);
#2996 = CARTESIAN_POINT('',(7.22,2.24,11.9));
#2997 = DIRECTION('',(1.735417226645E-18,0.707106781187,-0.707106781187)
  );
#2998 = DIRECTION('',(-1.,1.227125289148E-18,-1.227125289148E-18));
#2999 = ADVANCED_FACE('',(#3000),#3025,.F.);
#3000 = FACE_BOUND('',#3001,.F.);
#3001 = EDGE_LOOP('',(#3002,#3003,#3011,#3019));
#3002 = ORIENTED_EDGE('',*,*,#2888,.T.);
#3003 = ORIENTED_EDGE('',*,*,#3004,.T.);
#3004 = EDGE_CURVE('',#2881,#3005,#3007,.T.);
#3005 = VERTEX_POINT('',#3006);
#3006 = CARTESIAN_POINT('',(8.02,2.94,11.8));
#3007 = LINE('',#3008,#3009);
#3008 = CARTESIAN_POINT('',(8.02,2.14,11.8));
#3009 = VECTOR('',#3010,1.);
#3010 = DIRECTION('',(0.,1.,0.));
#3011 = ORIENTED_EDGE('',*,*,#3012,.F.);
#3012 = EDGE_CURVE('',#3013,#3005,#3015,.T.);
#3013 = VERTEX_POINT('',#3014);
#3014 = CARTESIAN_POINT('',(8.02,2.94,0.2));
#3015 = LINE('',#3016,#3017);
#3016 = CARTESIAN_POINT('',(8.02,2.94,-2.819966482548E-16));
#3017 = VECTOR('',#3018,1.);
#3018 = DIRECTION('',(0.,0.,1.));
#3019 = ORIENTED_EDGE('',*,*,#3020,.F.);
#3020 = EDGE_CURVE('',#2889,#3013,#3021,.T.);
#3021 = LINE('',#3022,#3023);
#3022 = CARTESIAN_POINT('',(8.02,2.14,0.2));
#3023 = VECTOR('',#3024,1.);
#3024 = DIRECTION('',(0.,1.,0.));
#3025 = PLANE('',#3026);
#3026 = AXIS2_PLACEMENT_3D('',#3027,#3028,#3029);
#3027 = CARTESIAN_POINT('',(8.02,2.14,-2.819966482548E-16));
#3028 = DIRECTION('',(-1.,0.,0.));
#3029 = DIRECTION('',(0.,1.,0.));
#3030 = ADVANCED_FACE('',(#3031),#3047,.F.);
#3031 = FACE_BOUND('',#3032,.F.);
#3032 = EDGE_LOOP('',(#3033,#3034,#3040,#3041));
#3033 = ORIENTED_EDGE('',*,*,#3012,.T.);
#3034 = ORIENTED_EDGE('',*,*,#3035,.T.);
#3035 = EDGE_CURVE('',#3005,#2913,#3036,.T.);
#3036 = LINE('',#3037,#3038);
#3037 = CARTESIAN_POINT('',(8.02,2.94,11.8));
#3038 = VECTOR('',#3039,1.);
#3039 = DIRECTION('',(-1.,0.,0.));
#3040 = ORIENTED_EDGE('',*,*,#2910,.F.);
#3041 = ORIENTED_EDGE('',*,*,#3042,.F.);
#3042 = EDGE_CURVE('',#3013,#2911,#3043,.T.);
#3043 = LINE('',#3044,#3045);
#3044 = CARTESIAN_POINT('',(8.02,2.94,0.2));
#3045 = VECTOR('',#3046,1.);
#3046 = DIRECTION('',(-1.,0.,0.));
#3047 = PLANE('',#3048);
#3048 = AXIS2_PLACEMENT_3D('',#3049,#3050,#3051);
#3049 = CARTESIAN_POINT('',(8.02,2.94,-2.819966482548E-16));
#3050 = DIRECTION('',(0.,-1.,0.));
#3051 = DIRECTION('',(-1.,0.,0.));
#3052 = ADVANCED_FACE('',(#3053),#3071,.T.);
#3053 = FACE_BOUND('',#3054,.F.);
#3054 = EDGE_LOOP('',(#3055,#3063,#3064,#3065));
#3055 = ORIENTED_EDGE('',*,*,#3056,.T.);
#3056 = EDGE_CURVE('',#3057,#2911,#3059,.T.);
#3057 = VERTEX_POINT('',#3058);
#3058 = CARTESIAN_POINT('',(7.42,2.74,-2.958744360626E-16));
#3059 = LINE('',#3060,#3061);
#3060 = CARTESIAN_POINT('',(7.42,2.74,-3.652633751017E-16));
#3061 = VECTOR('',#3062,1.);
#3062 = DIRECTION('',(-0.57735026919,0.57735026919,0.57735026919));
#3063 = ORIENTED_EDGE('',*,*,#2927,.T.);
#3064 = ORIENTED_EDGE('',*,*,#2941,.T.);
#3065 = ORIENTED_EDGE('',*,*,#3066,.F.);
#3066 = EDGE_CURVE('',#3057,#2942,#3067,.T.);
#3067 = LINE('',#3068,#3069);
#3068 = CARTESIAN_POINT('',(7.42,2.94,-2.819966482548E-16));
#3069 = VECTOR('',#3070,1.);
#3070 = DIRECTION('',(0.,-1.,0.));
#3071 = PLANE('',#3072);
#3072 = AXIS2_PLACEMENT_3D('',#3073,#3074,#3075);
#3073 = CARTESIAN_POINT('',(7.32,2.94,1.E-01));
#3074 = DIRECTION('',(-0.707106781187,0.,-0.707106781187));
#3075 = DIRECTION('',(0.,1.,0.));
#3076 = ADVANCED_FACE('',(#3077),#3095,.F.);
#3077 = FACE_BOUND('',#3078,.T.);
#3078 = EDGE_LOOP('',(#3079,#3087,#3088,#3089));
#3079 = ORIENTED_EDGE('',*,*,#3080,.F.);
#3080 = EDGE_CURVE('',#2913,#3081,#3083,.T.);
#3081 = VERTEX_POINT('',#3082);
#3082 = CARTESIAN_POINT('',(7.42,2.74,12.));
#3083 = LINE('',#3084,#3085);
#3084 = CARTESIAN_POINT('',(7.42,2.74,12.));
#3085 = VECTOR('',#3086,1.);
#3086 = DIRECTION('',(0.57735026919,-0.57735026919,0.57735026919));
#3087 = ORIENTED_EDGE('',*,*,#2920,.T.);
#3088 = ORIENTED_EDGE('',*,*,#2972,.T.);
#3089 = ORIENTED_EDGE('',*,*,#3090,.F.);
#3090 = EDGE_CURVE('',#3081,#2973,#3091,.T.);
#3091 = LINE('',#3092,#3093);
#3092 = CARTESIAN_POINT('',(7.42,2.94,12.));
#3093 = VECTOR('',#3094,1.);
#3094 = DIRECTION('',(0.,-1.,0.));
#3095 = PLANE('',#3096);
#3096 = AXIS2_PLACEMENT_3D('',#3097,#3098,#3099);
#3097 = CARTESIAN_POINT('',(7.32,2.94,11.9));
#3098 = DIRECTION('',(0.707106781187,-1.735417226645E-18,-0.707106781187
    ));
#3099 = DIRECTION('',(1.227125289148E-18,1.,-1.227125289148E-18));
#3100 = ADVANCED_FACE('',(#3101),#3119,.F.);
#3101 = FACE_BOUND('',#3102,.F.);
#3102 = EDGE_LOOP('',(#3103,#3104,#3112,#3118));
#3103 = ORIENTED_EDGE('',*,*,#2958,.T.);
#3104 = ORIENTED_EDGE('',*,*,#3105,.T.);
#3105 = EDGE_CURVE('',#2951,#3106,#3108,.T.);
#3106 = VERTEX_POINT('',#3107);
#3107 = CARTESIAN_POINT('',(7.82,2.74,-2.958744360626E-16));
#3108 = LINE('',#3109,#3110);
#3109 = CARTESIAN_POINT('',(7.82,2.14,-2.819966482548E-16));
#3110 = VECTOR('',#3111,1.);
#3111 = DIRECTION('',(0.,1.,0.));
#3112 = ORIENTED_EDGE('',*,*,#3113,.T.);
#3113 = EDGE_CURVE('',#3106,#3057,#3114,.T.);
#3114 = LINE('',#3115,#3116);
#3115 = CARTESIAN_POINT('',(8.02,2.74,-2.819966482548E-16));
#3116 = VECTOR('',#3117,1.);
#3117 = DIRECTION('',(-1.,0.,0.));
#3118 = ORIENTED_EDGE('',*,*,#3066,.T.);
#3119 = PLANE('',#3120);
#3120 = AXIS2_PLACEMENT_3D('',#3121,#3122,#3123);
#3121 = CARTESIAN_POINT('',(7.62,2.54,-2.819966482548E-16));
#3122 = DIRECTION('',(0.,0.,1.));
#3123 = DIRECTION('',(1.,0.,0.));
#3124 = ADVANCED_FACE('',(#3125),#3136,.T.);
#3125 = FACE_BOUND('',#3126,.T.);
#3126 = EDGE_LOOP('',(#3127,#3128,#3129,#3135));
#3127 = ORIENTED_EDGE('',*,*,#2950,.T.);
#3128 = ORIENTED_EDGE('',*,*,#3105,.T.);
#3129 = ORIENTED_EDGE('',*,*,#3130,.T.);
#3130 = EDGE_CURVE('',#3106,#3013,#3131,.T.);
#3131 = LINE('',#3132,#3133);
#3132 = CARTESIAN_POINT('',(7.82,2.74,-3.652633751017E-16));
#3133 = VECTOR('',#3134,1.);
#3134 = DIRECTION('',(0.57735026919,0.57735026919,0.57735026919));
#3135 = ORIENTED_EDGE('',*,*,#3020,.F.);
#3136 = PLANE('',#3137);
#3137 = AXIS2_PLACEMENT_3D('',#3138,#3139,#3140);
#3138 = CARTESIAN_POINT('',(7.92,2.14,1.E-01));
#3139 = DIRECTION('',(0.707106781187,0.,-0.707106781187));
#3140 = DIRECTION('',(0.,1.,0.));
#3141 = ADVANCED_FACE('',(#3142),#3160,.T.);
#3142 = FACE_BOUND('',#3143,.T.);
#3143 = EDGE_LOOP('',(#3144,#3145,#3153,#3159));
#3144 = ORIENTED_EDGE('',*,*,#2989,.T.);
#3145 = ORIENTED_EDGE('',*,*,#3146,.T.);
#3146 = EDGE_CURVE('',#2982,#3147,#3149,.T.);
#3147 = VERTEX_POINT('',#3148);
#3148 = CARTESIAN_POINT('',(7.82,2.74,12.));
#3149 = LINE('',#3150,#3151);
#3150 = CARTESIAN_POINT('',(7.82,2.14,12.));
#3151 = VECTOR('',#3152,1.);
#3152 = DIRECTION('',(0.,1.,0.));
#3153 = ORIENTED_EDGE('',*,*,#3154,.T.);
#3154 = EDGE_CURVE('',#3147,#3081,#3155,.T.);
#3155 = LINE('',#3156,#3157);
#3156 = CARTESIAN_POINT('',(8.02,2.74,12.));
#3157 = VECTOR('',#3158,1.);
#3158 = DIRECTION('',(-1.,0.,0.));
#3159 = ORIENTED_EDGE('',*,*,#3090,.T.);
#3160 = PLANE('',#3161);
#3161 = AXIS2_PLACEMENT_3D('',#3162,#3163,#3164);
#3162 = CARTESIAN_POINT('',(7.62,2.54,12.));
#3163 = DIRECTION('',(0.,0.,1.));
#3164 = DIRECTION('',(1.,0.,0.));
#3165 = ADVANCED_FACE('',(#3166),#3177,.F.);
#3166 = FACE_BOUND('',#3167,.T.);
#3167 = EDGE_LOOP('',(#3168,#3169,#3170,#3176));
#3168 = ORIENTED_EDGE('',*,*,#2981,.F.);
#3169 = ORIENTED_EDGE('',*,*,#3004,.T.);
#3170 = ORIENTED_EDGE('',*,*,#3171,.T.);
#3171 = EDGE_CURVE('',#3005,#3147,#3172,.T.);
#3172 = LINE('',#3173,#3174);
#3173 = CARTESIAN_POINT('',(7.82,2.74,12.));
#3174 = VECTOR('',#3175,1.);
#3175 = DIRECTION('',(-0.57735026919,-0.57735026919,0.57735026919));
#3176 = ORIENTED_EDGE('',*,*,#3146,.F.);
#3177 = PLANE('',#3178);
#3178 = AXIS2_PLACEMENT_3D('',#3179,#3180,#3181);
#3179 = CARTESIAN_POINT('',(7.92,2.14,11.9));
#3180 = DIRECTION('',(-0.707106781187,1.735417226645E-18,-0.707106781187
    ));
#3181 = DIRECTION('',(-1.227125289148E-18,-1.,-1.227125289148E-18));
#3182 = ADVANCED_FACE('',(#3183),#3189,.T.);
#3183 = FACE_BOUND('',#3184,.T.);
#3184 = EDGE_LOOP('',(#3185,#3186,#3187,#3188));
#3185 = ORIENTED_EDGE('',*,*,#3130,.F.);
#3186 = ORIENTED_EDGE('',*,*,#3113,.T.);
#3187 = ORIENTED_EDGE('',*,*,#3056,.T.);
#3188 = ORIENTED_EDGE('',*,*,#3042,.F.);
#3189 = PLANE('',#3190);
#3190 = AXIS2_PLACEMENT_3D('',#3191,#3192,#3193);
#3191 = CARTESIAN_POINT('',(8.02,2.84,1.E-01));
#3192 = DIRECTION('',(0.,0.707106781187,-0.707106781187));
#3193 = DIRECTION('',(-1.,0.,0.));
#3194 = ADVANCED_FACE('',(#3195),#3201,.F.);
#3195 = FACE_BOUND('',#3196,.T.);
#3196 = EDGE_LOOP('',(#3197,#3198,#3199,#3200));
#3197 = ORIENTED_EDGE('',*,*,#3171,.F.);
#3198 = ORIENTED_EDGE('',*,*,#3035,.T.);
#3199 = ORIENTED_EDGE('',*,*,#3080,.T.);
#3200 = ORIENTED_EDGE('',*,*,#3154,.F.);
#3201 = PLANE('',#3202);
#3202 = AXIS2_PLACEMENT_3D('',#3203,#3204,#3205);
#3203 = CARTESIAN_POINT('',(8.02,2.84,11.9));
#3204 = DIRECTION('',(-1.735417226645E-18,-0.707106781187,
    -0.707106781187));
#3205 = DIRECTION('',(1.,-1.227125289148E-18,-1.227125289148E-18));
#3206 = MANIFOLD_SOLID_BREP('',#3207);
#3207 = CLOSED_SHELL('',(#3208,#3248,#3279,#3310,#3341,#3372,#3394,#3418
    ,#3442,#3466,#3483,#3507,#3524,#3536));
#3208 = ADVANCED_FACE('',(#3209),#3243,.F.);
#3209 = FACE_BOUND('',#3210,.F.);
#3210 = EDGE_LOOP('',(#3211,#3221,#3229,#3237));
#3211 = ORIENTED_EDGE('',*,*,#3212,.T.);
#3212 = EDGE_CURVE('',#3213,#3215,#3217,.T.);
#3213 = VERTEX_POINT('',#3214);
#3214 = CARTESIAN_POINT('',(9.76,-0.4,0.2));
#3215 = VERTEX_POINT('',#3216);
#3216 = CARTESIAN_POINT('',(9.76,-0.4,11.8));
#3217 = LINE('',#3218,#3219);
#3218 = CARTESIAN_POINT('',(9.76,-0.4,0.));
#3219 = VECTOR('',#3220,1.);
#3220 = DIRECTION('',(0.,0.,1.));
#3221 = ORIENTED_EDGE('',*,*,#3222,.T.);
#3222 = EDGE_CURVE('',#3215,#3223,#3225,.T.);
#3223 = VERTEX_POINT('',#3224);
#3224 = CARTESIAN_POINT('',(10.56,-0.4,11.8));
#3225 = LINE('',#3226,#3227);
#3226 = CARTESIAN_POINT('',(9.76,-0.4,11.8));
#3227 = VECTOR('',#3228,1.);
#3228 = DIRECTION('',(1.,0.,0.));
#3229 = ORIENTED_EDGE('',*,*,#3230,.F.);
#3230 = EDGE_CURVE('',#3231,#3223,#3233,.T.);
#3231 = VERTEX_POINT('',#3232);
#3232 = CARTESIAN_POINT('',(10.56,-0.4,0.2));
#3233 = LINE('',#3234,#3235);
#3234 = CARTESIAN_POINT('',(10.56,-0.4,0.));
#3235 = VECTOR('',#3236,1.);
#3236 = DIRECTION('',(0.,0.,1.));
#3237 = ORIENTED_EDGE('',*,*,#3238,.F.);
#3238 = EDGE_CURVE('',#3213,#3231,#3239,.T.);
#3239 = LINE('',#3240,#3241);
#3240 = CARTESIAN_POINT('',(9.76,-0.4,0.2));
#3241 = VECTOR('',#3242,1.);
#3242 = DIRECTION('',(1.,0.,0.));
#3243 = PLANE('',#3244);
#3244 = AXIS2_PLACEMENT_3D('',#3245,#3246,#3247);
#3245 = CARTESIAN_POINT('',(9.76,-0.4,0.));
#3246 = DIRECTION('',(0.,1.,0.));
#3247 = DIRECTION('',(1.,0.,0.));
#3248 = ADVANCED_FACE('',(#3249),#3274,.F.);
#3249 = FACE_BOUND('',#3250,.F.);
#3250 = EDGE_LOOP('',(#3251,#3261,#3267,#3268));
#3251 = ORIENTED_EDGE('',*,*,#3252,.T.);
#3252 = EDGE_CURVE('',#3253,#3255,#3257,.T.);
#3253 = VERTEX_POINT('',#3254);
#3254 = CARTESIAN_POINT('',(9.76,0.4,0.2));
#3255 = VERTEX_POINT('',#3256);
#3256 = CARTESIAN_POINT('',(9.76,0.4,11.8));
#3257 = LINE('',#3258,#3259);
#3258 = CARTESIAN_POINT('',(9.76,0.4,0.));
#3259 = VECTOR('',#3260,1.);
#3260 = DIRECTION('',(0.,0.,1.));
#3261 = ORIENTED_EDGE('',*,*,#3262,.T.);
#3262 = EDGE_CURVE('',#3255,#3215,#3263,.T.);
#3263 = LINE('',#3264,#3265);
#3264 = CARTESIAN_POINT('',(9.76,0.4,11.8));
#3265 = VECTOR('',#3266,1.);
#3266 = DIRECTION('',(0.,-1.,0.));
#3267 = ORIENTED_EDGE('',*,*,#3212,.F.);
#3268 = ORIENTED_EDGE('',*,*,#3269,.F.);
#3269 = EDGE_CURVE('',#3253,#3213,#3270,.T.);
#3270 = LINE('',#3271,#3272);
#3271 = CARTESIAN_POINT('',(9.76,0.4,0.2));
#3272 = VECTOR('',#3273,1.);
#3273 = DIRECTION('',(0.,-1.,0.));
#3274 = PLANE('',#3275);
#3275 = AXIS2_PLACEMENT_3D('',#3276,#3277,#3278);
#3276 = CARTESIAN_POINT('',(9.76,0.4,0.));
#3277 = DIRECTION('',(1.,0.,0.));
#3278 = DIRECTION('',(0.,-1.,0.));
#3279 = ADVANCED_FACE('',(#3280),#3305,.T.);
#3280 = FACE_BOUND('',#3281,.F.);
#3281 = EDGE_LOOP('',(#3282,#3290,#3291,#3299));
#3282 = ORIENTED_EDGE('',*,*,#3283,.F.);
#3283 = EDGE_CURVE('',#3213,#3284,#3286,.T.);
#3284 = VERTEX_POINT('',#3285);
#3285 = CARTESIAN_POINT('',(9.96,-0.2,-1.387778780781E-17));
#3286 = LINE('',#3287,#3288);
#3287 = CARTESIAN_POINT('',(9.96,-0.2,-8.326672684689E-17));
#3288 = VECTOR('',#3289,1.);
#3289 = DIRECTION('',(0.57735026919,0.57735026919,-0.57735026919));
#3290 = ORIENTED_EDGE('',*,*,#3238,.T.);
#3291 = ORIENTED_EDGE('',*,*,#3292,.T.);
#3292 = EDGE_CURVE('',#3231,#3293,#3295,.T.);
#3293 = VERTEX_POINT('',#3294);
#3294 = CARTESIAN_POINT('',(10.36,-0.2,-1.387778780781E-17));
#3295 = LINE('',#3296,#3297);
#3296 = CARTESIAN_POINT('',(10.36,-0.2,-8.326672684689E-17));
#3297 = VECTOR('',#3298,1.);
#3298 = DIRECTION('',(-0.57735026919,0.57735026919,-0.57735026919));
#3299 = ORIENTED_EDGE('',*,*,#3300,.F.);
#3300 = EDGE_CURVE('',#3284,#3293,#3301,.T.);
#3301 = LINE('',#3302,#3303);
#3302 = CARTESIAN_POINT('',(9.76,-0.2,0.));
#3303 = VECTOR('',#3304,1.);
#3304 = DIRECTION('',(1.,0.,0.));
#3305 = PLANE('',#3306);
#3306 = AXIS2_PLACEMENT_3D('',#3307,#3308,#3309);
#3307 = CARTESIAN_POINT('',(9.76,-0.3,0.1));
#3308 = DIRECTION('',(0.,-0.707106781187,-0.707106781187));
#3309 = DIRECTION('',(-1.,-0.,-0.));
#3310 = ADVANCED_FACE('',(#3311),#3336,.F.);
#3311 = FACE_BOUND('',#3312,.T.);
#3312 = EDGE_LOOP('',(#3313,#3321,#3322,#3330));
#3313 = ORIENTED_EDGE('',*,*,#3314,.F.);
#3314 = EDGE_CURVE('',#3215,#3315,#3317,.T.);
#3315 = VERTEX_POINT('',#3316);
#3316 = CARTESIAN_POINT('',(9.96,-0.2,12.));
#3317 = LINE('',#3318,#3319);
#3318 = CARTESIAN_POINT('',(9.96,-0.2,12.));
#3319 = VECTOR('',#3320,1.);
#3320 = DIRECTION('',(0.57735026919,0.57735026919,0.57735026919));
#3321 = ORIENTED_EDGE('',*,*,#3222,.T.);
#3322 = ORIENTED_EDGE('',*,*,#3323,.T.);
#3323 = EDGE_CURVE('',#3223,#3324,#3326,.T.);
#3324 = VERTEX_POINT('',#3325);
#3325 = CARTESIAN_POINT('',(10.36,-0.2,12.));
#3326 = LINE('',#3327,#3328);
#3327 = CARTESIAN_POINT('',(10.36,-0.2,12.));
#3328 = VECTOR('',#3329,1.);
#3329 = DIRECTION('',(-0.57735026919,0.57735026919,0.57735026919));
#3330 = ORIENTED_EDGE('',*,*,#3331,.F.);
#3331 = EDGE_CURVE('',#3315,#3324,#3332,.T.);
#3332 = LINE('',#3333,#3334);
#3333 = CARTESIAN_POINT('',(9.76,-0.2,12.));
#3334 = VECTOR('',#3335,1.);
#3335 = DIRECTION('',(1.,0.,0.));
#3336 = PLANE('',#3337);
#3337 = AXIS2_PLACEMENT_3D('',#3338,#3339,#3340);
#3338 = CARTESIAN_POINT('',(9.76,-0.3,11.9));
#3339 = DIRECTION('',(1.735417226645E-18,0.707106781187,-0.707106781187)
  );
#3340 = DIRECTION('',(-1.,1.227125289148E-18,-1.227125289148E-18));
#3341 = ADVANCED_FACE('',(#3342),#3367,.F.);
#3342 = FACE_BOUND('',#3343,.F.);
#3343 = EDGE_LOOP('',(#3344,#3345,#3353,#3361));
#3344 = ORIENTED_EDGE('',*,*,#3230,.T.);
#3345 = ORIENTED_EDGE('',*,*,#3346,.T.);
#3346 = EDGE_CURVE('',#3223,#3347,#3349,.T.);
#3347 = VERTEX_POINT('',#3348);
#3348 = CARTESIAN_POINT('',(10.56,0.4,11.8));
#3349 = LINE('',#3350,#3351);
#3350 = CARTESIAN_POINT('',(10.56,-0.4,11.8));
#3351 = VECTOR('',#3352,1.);
#3352 = DIRECTION('',(0.,1.,0.));
#3353 = ORIENTED_EDGE('',*,*,#3354,.F.);
#3354 = EDGE_CURVE('',#3355,#3347,#3357,.T.);
#3355 = VERTEX_POINT('',#3356);
#3356 = CARTESIAN_POINT('',(10.56,0.4,0.2));
#3357 = LINE('',#3358,#3359);
#3358 = CARTESIAN_POINT('',(10.56,0.4,0.));
#3359 = VECTOR('',#3360,1.);
#3360 = DIRECTION('',(0.,0.,1.));
#3361 = ORIENTED_EDGE('',*,*,#3362,.F.);
#3362 = EDGE_CURVE('',#3231,#3355,#3363,.T.);
#3363 = LINE('',#3364,#3365);
#3364 = CARTESIAN_POINT('',(10.56,-0.4,0.2));
#3365 = VECTOR('',#3366,1.);
#3366 = DIRECTION('',(0.,1.,0.));
#3367 = PLANE('',#3368);
#3368 = AXIS2_PLACEMENT_3D('',#3369,#3370,#3371);
#3369 = CARTESIAN_POINT('',(10.56,-0.4,0.));
#3370 = DIRECTION('',(-1.,0.,0.));
#3371 = DIRECTION('',(0.,1.,0.));
#3372 = ADVANCED_FACE('',(#3373),#3389,.F.);
#3373 = FACE_BOUND('',#3374,.F.);
#3374 = EDGE_LOOP('',(#3375,#3376,#3382,#3383));
#3375 = ORIENTED_EDGE('',*,*,#3354,.T.);
#3376 = ORIENTED_EDGE('',*,*,#3377,.T.);
#3377 = EDGE_CURVE('',#3347,#3255,#3378,.T.);
#3378 = LINE('',#3379,#3380);
#3379 = CARTESIAN_POINT('',(10.56,0.4,11.8));
#3380 = VECTOR('',#3381,1.);
#3381 = DIRECTION('',(-1.,0.,0.));
#3382 = ORIENTED_EDGE('',*,*,#3252,.F.);
#3383 = ORIENTED_EDGE('',*,*,#3384,.F.);
#3384 = EDGE_CURVE('',#3355,#3253,#3385,.T.);
#3385 = LINE('',#3386,#3387);
#3386 = CARTESIAN_POINT('',(10.56,0.4,0.2));
#3387 = VECTOR('',#3388,1.);
#3388 = DIRECTION('',(-1.,0.,0.));
#3389 = PLANE('',#3390);
#3390 = AXIS2_PLACEMENT_3D('',#3391,#3392,#3393);
#3391 = CARTESIAN_POINT('',(10.56,0.4,0.));
#3392 = DIRECTION('',(0.,-1.,0.));
#3393 = DIRECTION('',(-1.,0.,0.));
#3394 = ADVANCED_FACE('',(#3395),#3413,.T.);
#3395 = FACE_BOUND('',#3396,.F.);
#3396 = EDGE_LOOP('',(#3397,#3405,#3406,#3407));
#3397 = ORIENTED_EDGE('',*,*,#3398,.T.);
#3398 = EDGE_CURVE('',#3399,#3253,#3401,.T.);
#3399 = VERTEX_POINT('',#3400);
#3400 = CARTESIAN_POINT('',(9.96,0.2,-1.387778780781E-17));
#3401 = LINE('',#3402,#3403);
#3402 = CARTESIAN_POINT('',(9.96,0.2,-8.326672684689E-17));
#3403 = VECTOR('',#3404,1.);
#3404 = DIRECTION('',(-0.57735026919,0.57735026919,0.57735026919));
#3405 = ORIENTED_EDGE('',*,*,#3269,.T.);
#3406 = ORIENTED_EDGE('',*,*,#3283,.T.);
#3407 = ORIENTED_EDGE('',*,*,#3408,.F.);
#3408 = EDGE_CURVE('',#3399,#3284,#3409,.T.);
#3409 = LINE('',#3410,#3411);
#3410 = CARTESIAN_POINT('',(9.96,0.4,0.));
#3411 = VECTOR('',#3412,1.);
#3412 = DIRECTION('',(0.,-1.,0.));
#3413 = PLANE('',#3414);
#3414 = AXIS2_PLACEMENT_3D('',#3415,#3416,#3417);
#3415 = CARTESIAN_POINT('',(9.86,0.4,0.1));
#3416 = DIRECTION('',(-0.707106781187,0.,-0.707106781187));
#3417 = DIRECTION('',(0.,1.,0.));
#3418 = ADVANCED_FACE('',(#3419),#3437,.F.);
#3419 = FACE_BOUND('',#3420,.T.);
#3420 = EDGE_LOOP('',(#3421,#3429,#3430,#3431));
#3421 = ORIENTED_EDGE('',*,*,#3422,.F.);
#3422 = EDGE_CURVE('',#3255,#3423,#3425,.T.);
#3423 = VERTEX_POINT('',#3424);
#3424 = CARTESIAN_POINT('',(9.96,0.2,12.));
#3425 = LINE('',#3426,#3427);
#3426 = CARTESIAN_POINT('',(9.96,0.2,12.));
#3427 = VECTOR('',#3428,1.);
#3428 = DIRECTION('',(0.57735026919,-0.57735026919,0.57735026919));
#3429 = ORIENTED_EDGE('',*,*,#3262,.T.);
#3430 = ORIENTED_EDGE('',*,*,#3314,.T.);
#3431 = ORIENTED_EDGE('',*,*,#3432,.F.);
#3432 = EDGE_CURVE('',#3423,#3315,#3433,.T.);
#3433 = LINE('',#3434,#3435);
#3434 = CARTESIAN_POINT('',(9.96,0.4,12.));
#3435 = VECTOR('',#3436,1.);
#3436 = DIRECTION('',(0.,-1.,0.));
#3437 = PLANE('',#3438);
#3438 = AXIS2_PLACEMENT_3D('',#3439,#3440,#3441);
#3439 = CARTESIAN_POINT('',(9.86,0.4,11.9));
#3440 = DIRECTION('',(0.707106781187,-1.735417226645E-18,-0.707106781187
    ));
#3441 = DIRECTION('',(1.227125289148E-18,1.,-1.227125289148E-18));
#3442 = ADVANCED_FACE('',(#3443),#3461,.F.);
#3443 = FACE_BOUND('',#3444,.F.);
#3444 = EDGE_LOOP('',(#3445,#3446,#3454,#3460));
#3445 = ORIENTED_EDGE('',*,*,#3300,.T.);
#3446 = ORIENTED_EDGE('',*,*,#3447,.T.);
#3447 = EDGE_CURVE('',#3293,#3448,#3450,.T.);
#3448 = VERTEX_POINT('',#3449);
#3449 = CARTESIAN_POINT('',(10.36,0.2,-1.387778780781E-17));
#3450 = LINE('',#3451,#3452);
#3451 = CARTESIAN_POINT('',(10.36,-0.4,0.));
#3452 = VECTOR('',#3453,1.);
#3453 = DIRECTION('',(0.,1.,0.));
#3454 = ORIENTED_EDGE('',*,*,#3455,.T.);
#3455 = EDGE_CURVE('',#3448,#3399,#3456,.T.);
#3456 = LINE('',#3457,#3458);
#3457 = CARTESIAN_POINT('',(10.56,0.2,0.));
#3458 = VECTOR('',#3459,1.);
#3459 = DIRECTION('',(-1.,0.,0.));
#3460 = ORIENTED_EDGE('',*,*,#3408,.T.);
#3461 = PLANE('',#3462);
#3462 = AXIS2_PLACEMENT_3D('',#3463,#3464,#3465);
#3463 = CARTESIAN_POINT('',(10.16,0.,0.));
#3464 = DIRECTION('',(0.,0.,1.));
#3465 = DIRECTION('',(1.,0.,0.));
#3466 = ADVANCED_FACE('',(#3467),#3478,.T.);
#3467 = FACE_BOUND('',#3468,.T.);
#3468 = EDGE_LOOP('',(#3469,#3470,#3471,#3477));
#3469 = ORIENTED_EDGE('',*,*,#3292,.T.);
#3470 = ORIENTED_EDGE('',*,*,#3447,.T.);
#3471 = ORIENTED_EDGE('',*,*,#3472,.T.);
#3472 = EDGE_CURVE('',#3448,#3355,#3473,.T.);
#3473 = LINE('',#3474,#3475);
#3474 = CARTESIAN_POINT('',(10.36,0.2,-8.326672684689E-17));
#3475 = VECTOR('',#3476,1.);
#3476 = DIRECTION('',(0.57735026919,0.57735026919,0.57735026919));
#3477 = ORIENTED_EDGE('',*,*,#3362,.F.);
#3478 = PLANE('',#3479);
#3479 = AXIS2_PLACEMENT_3D('',#3480,#3481,#3482);
#3480 = CARTESIAN_POINT('',(10.46,-0.4,0.1));
#3481 = DIRECTION('',(0.707106781187,0.,-0.707106781187));
#3482 = DIRECTION('',(0.,1.,0.));
#3483 = ADVANCED_FACE('',(#3484),#3502,.T.);
#3484 = FACE_BOUND('',#3485,.T.);
#3485 = EDGE_LOOP('',(#3486,#3487,#3495,#3501));
#3486 = ORIENTED_EDGE('',*,*,#3331,.T.);
#3487 = ORIENTED_EDGE('',*,*,#3488,.T.);
#3488 = EDGE_CURVE('',#3324,#3489,#3491,.T.);
#3489 = VERTEX_POINT('',#3490);
#3490 = CARTESIAN_POINT('',(10.36,0.2,12.));
#3491 = LINE('',#3492,#3493);
#3492 = CARTESIAN_POINT('',(10.36,-0.4,12.));
#3493 = VECTOR('',#3494,1.);
#3494 = DIRECTION('',(0.,1.,0.));
#3495 = ORIENTED_EDGE('',*,*,#3496,.T.);
#3496 = EDGE_CURVE('',#3489,#3423,#3497,.T.);
#3497 = LINE('',#3498,#3499);
#3498 = CARTESIAN_POINT('',(10.56,0.2,12.));
#3499 = VECTOR('',#3500,1.);
#3500 = DIRECTION('',(-1.,0.,0.));
#3501 = ORIENTED_EDGE('',*,*,#3432,.T.);
#3502 = PLANE('',#3503);
#3503 = AXIS2_PLACEMENT_3D('',#3504,#3505,#3506);
#3504 = CARTESIAN_POINT('',(10.16,0.,12.));
#3505 = DIRECTION('',(0.,0.,1.));
#3506 = DIRECTION('',(1.,0.,0.));
#3507 = ADVANCED_FACE('',(#3508),#3519,.F.);
#3508 = FACE_BOUND('',#3509,.T.);
#3509 = EDGE_LOOP('',(#3510,#3511,#3512,#3518));
#3510 = ORIENTED_EDGE('',*,*,#3323,.F.);
#3511 = ORIENTED_EDGE('',*,*,#3346,.T.);
#3512 = ORIENTED_EDGE('',*,*,#3513,.T.);
#3513 = EDGE_CURVE('',#3347,#3489,#3514,.T.);
#3514 = LINE('',#3515,#3516);
#3515 = CARTESIAN_POINT('',(10.36,0.2,12.));
#3516 = VECTOR('',#3517,1.);
#3517 = DIRECTION('',(-0.57735026919,-0.57735026919,0.57735026919));
#3518 = ORIENTED_EDGE('',*,*,#3488,.F.);
#3519 = PLANE('',#3520);
#3520 = AXIS2_PLACEMENT_3D('',#3521,#3522,#3523);
#3521 = CARTESIAN_POINT('',(10.46,-0.4,11.9));
#3522 = DIRECTION('',(-0.707106781187,1.735417226645E-18,-0.707106781187
    ));
#3523 = DIRECTION('',(-1.227125289148E-18,-1.,-1.227125289148E-18));
#3524 = ADVANCED_FACE('',(#3525),#3531,.T.);
#3525 = FACE_BOUND('',#3526,.T.);
#3526 = EDGE_LOOP('',(#3527,#3528,#3529,#3530));
#3527 = ORIENTED_EDGE('',*,*,#3472,.F.);
#3528 = ORIENTED_EDGE('',*,*,#3455,.T.);
#3529 = ORIENTED_EDGE('',*,*,#3398,.T.);
#3530 = ORIENTED_EDGE('',*,*,#3384,.F.);
#3531 = PLANE('',#3532);
#3532 = AXIS2_PLACEMENT_3D('',#3533,#3534,#3535);
#3533 = CARTESIAN_POINT('',(10.56,0.3,0.1));
#3534 = DIRECTION('',(0.,0.707106781187,-0.707106781187));
#3535 = DIRECTION('',(-1.,0.,0.));
#3536 = ADVANCED_FACE('',(#3537),#3543,.F.);
#3537 = FACE_BOUND('',#3538,.T.);
#3538 = EDGE_LOOP('',(#3539,#3540,#3541,#3542));
#3539 = ORIENTED_EDGE('',*,*,#3513,.F.);
#3540 = ORIENTED_EDGE('',*,*,#3377,.T.);
#3541 = ORIENTED_EDGE('',*,*,#3422,.T.);
#3542 = ORIENTED_EDGE('',*,*,#3496,.F.);
#3543 = PLANE('',#3544);
#3544 = AXIS2_PLACEMENT_3D('',#3545,#3546,#3547);
#3545 = CARTESIAN_POINT('',(10.56,0.3,11.9));
#3546 = DIRECTION('',(-1.735417226645E-18,-0.707106781187,
    -0.707106781187));
#3547 = DIRECTION('',(1.,-1.227125289148E-18,-1.227125289148E-18));
#3548 = MANIFOLD_SOLID_BREP('',#3549);
#3549 = CLOSED_SHELL('',(#3550,#3590,#3621,#3652,#3683,#3714,#3736,#3760
    ,#3784,#3808,#3825,#3849,#3866,#3878));
#3550 = ADVANCED_FACE('',(#3551),#3585,.F.);
#3551 = FACE_BOUND('',#3552,.F.);
#3552 = EDGE_LOOP('',(#3553,#3563,#3571,#3579));
#3553 = ORIENTED_EDGE('',*,*,#3554,.T.);
#3554 = EDGE_CURVE('',#3555,#3557,#3559,.T.);
#3555 = VERTEX_POINT('',#3556);
#3556 = CARTESIAN_POINT('',(9.76,2.14,0.2));
#3557 = VERTEX_POINT('',#3558);
#3558 = CARTESIAN_POINT('',(9.76,2.14,11.8));
#3559 = LINE('',#3560,#3561);
#3560 = CARTESIAN_POINT('',(9.76,2.14,-2.819966482548E-16));
#3561 = VECTOR('',#3562,1.);
#3562 = DIRECTION('',(0.,0.,1.));
#3563 = ORIENTED_EDGE('',*,*,#3564,.T.);
#3564 = EDGE_CURVE('',#3557,#3565,#3567,.T.);
#3565 = VERTEX_POINT('',#3566);
#3566 = CARTESIAN_POINT('',(10.56,2.14,11.8));
#3567 = LINE('',#3568,#3569);
#3568 = CARTESIAN_POINT('',(9.76,2.14,11.8));
#3569 = VECTOR('',#3570,1.);
#3570 = DIRECTION('',(1.,0.,0.));
#3571 = ORIENTED_EDGE('',*,*,#3572,.F.);
#3572 = EDGE_CURVE('',#3573,#3565,#3575,.T.);
#3573 = VERTEX_POINT('',#3574);
#3574 = CARTESIAN_POINT('',(10.56,2.14,0.2));
#3575 = LINE('',#3576,#3577);
#3576 = CARTESIAN_POINT('',(10.56,2.14,-2.819966482548E-16));
#3577 = VECTOR('',#3578,1.);
#3578 = DIRECTION('',(0.,0.,1.));
#3579 = ORIENTED_EDGE('',*,*,#3580,.F.);
#3580 = EDGE_CURVE('',#3555,#3573,#3581,.T.);
#3581 = LINE('',#3582,#3583);
#3582 = CARTESIAN_POINT('',(9.76,2.14,0.2));
#3583 = VECTOR('',#3584,1.);
#3584 = DIRECTION('',(1.,0.,0.));
#3585 = PLANE('',#3586);
#3586 = AXIS2_PLACEMENT_3D('',#3587,#3588,#3589);
#3587 = CARTESIAN_POINT('',(9.76,2.14,-2.819966482548E-16));
#3588 = DIRECTION('',(0.,1.,0.));
#3589 = DIRECTION('',(1.,0.,0.));
#3590 = ADVANCED_FACE('',(#3591),#3616,.F.);
#3591 = FACE_BOUND('',#3592,.F.);
#3592 = EDGE_LOOP('',(#3593,#3603,#3609,#3610));
#3593 = ORIENTED_EDGE('',*,*,#3594,.T.);
#3594 = EDGE_CURVE('',#3595,#3597,#3599,.T.);
#3595 = VERTEX_POINT('',#3596);
#3596 = CARTESIAN_POINT('',(9.76,2.94,0.2));
#3597 = VERTEX_POINT('',#3598);
#3598 = CARTESIAN_POINT('',(9.76,2.94,11.8));
#3599 = LINE('',#3600,#3601);
#3600 = CARTESIAN_POINT('',(9.76,2.94,-2.819966482548E-16));
#3601 = VECTOR('',#3602,1.);
#3602 = DIRECTION('',(0.,0.,1.));
#3603 = ORIENTED_EDGE('',*,*,#3604,.T.);
#3604 = EDGE_CURVE('',#3597,#3557,#3605,.T.);
#3605 = LINE('',#3606,#3607);
#3606 = CARTESIAN_POINT('',(9.76,2.94,11.8));
#3607 = VECTOR('',#3608,1.);
#3608 = DIRECTION('',(0.,-1.,0.));
#3609 = ORIENTED_EDGE('',*,*,#3554,.F.);
#3610 = ORIENTED_EDGE('',*,*,#3611,.F.);
#3611 = EDGE_CURVE('',#3595,#3555,#3612,.T.);
#3612 = LINE('',#3613,#3614);
#3613 = CARTESIAN_POINT('',(9.76,2.94,0.2));
#3614 = VECTOR('',#3615,1.);
#3615 = DIRECTION('',(0.,-1.,0.));
#3616 = PLANE('',#3617);
#3617 = AXIS2_PLACEMENT_3D('',#3618,#3619,#3620);
#3618 = CARTESIAN_POINT('',(9.76,2.94,-2.819966482548E-16));
#3619 = DIRECTION('',(1.,0.,0.));
#3620 = DIRECTION('',(0.,-1.,0.));
#3621 = ADVANCED_FACE('',(#3622),#3647,.T.);
#3622 = FACE_BOUND('',#3623,.F.);
#3623 = EDGE_LOOP('',(#3624,#3632,#3633,#3641));
#3624 = ORIENTED_EDGE('',*,*,#3625,.F.);
#3625 = EDGE_CURVE('',#3555,#3626,#3628,.T.);
#3626 = VERTEX_POINT('',#3627);
#3627 = CARTESIAN_POINT('',(9.96,2.34,-2.958744360626E-16));
#3628 = LINE('',#3629,#3630);
#3629 = CARTESIAN_POINT('',(9.96,2.34,-3.652633751017E-16));
#3630 = VECTOR('',#3631,1.);
#3631 = DIRECTION('',(0.57735026919,0.57735026919,-0.57735026919));
#3632 = ORIENTED_EDGE('',*,*,#3580,.T.);
#3633 = ORIENTED_EDGE('',*,*,#3634,.T.);
#3634 = EDGE_CURVE('',#3573,#3635,#3637,.T.);
#3635 = VERTEX_POINT('',#3636);
#3636 = CARTESIAN_POINT('',(10.36,2.34,-2.958744360626E-16));
#3637 = LINE('',#3638,#3639);
#3638 = CARTESIAN_POINT('',(10.36,2.34,-3.652633751017E-16));
#3639 = VECTOR('',#3640,1.);
#3640 = DIRECTION('',(-0.57735026919,0.57735026919,-0.57735026919));
#3641 = ORIENTED_EDGE('',*,*,#3642,.F.);
#3642 = EDGE_CURVE('',#3626,#3635,#3643,.T.);
#3643 = LINE('',#3644,#3645);
#3644 = CARTESIAN_POINT('',(9.76,2.34,-2.819966482548E-16));
#3645 = VECTOR('',#3646,1.);
#3646 = DIRECTION('',(1.,0.,0.));
#3647 = PLANE('',#3648);
#3648 = AXIS2_PLACEMENT_3D('',#3649,#3650,#3651);
#3649 = CARTESIAN_POINT('',(9.76,2.24,1.E-01));
#3650 = DIRECTION('',(0.,-0.707106781187,-0.707106781187));
#3651 = DIRECTION('',(-1.,-0.,-0.));
#3652 = ADVANCED_FACE('',(#3653),#3678,.F.);
#3653 = FACE_BOUND('',#3654,.T.);
#3654 = EDGE_LOOP('',(#3655,#3663,#3664,#3672));
#3655 = ORIENTED_EDGE('',*,*,#3656,.F.);
#3656 = EDGE_CURVE('',#3557,#3657,#3659,.T.);
#3657 = VERTEX_POINT('',#3658);
#3658 = CARTESIAN_POINT('',(9.96,2.34,12.));
#3659 = LINE('',#3660,#3661);
#3660 = CARTESIAN_POINT('',(9.96,2.34,12.));
#3661 = VECTOR('',#3662,1.);
#3662 = DIRECTION('',(0.57735026919,0.57735026919,0.57735026919));
#3663 = ORIENTED_EDGE('',*,*,#3564,.T.);
#3664 = ORIENTED_EDGE('',*,*,#3665,.T.);
#3665 = EDGE_CURVE('',#3565,#3666,#3668,.T.);
#3666 = VERTEX_POINT('',#3667);
#3667 = CARTESIAN_POINT('',(10.36,2.34,12.));
#3668 = LINE('',#3669,#3670);
#3669 = CARTESIAN_POINT('',(10.36,2.34,12.));
#3670 = VECTOR('',#3671,1.);
#3671 = DIRECTION('',(-0.57735026919,0.57735026919,0.57735026919));
#3672 = ORIENTED_EDGE('',*,*,#3673,.F.);
#3673 = EDGE_CURVE('',#3657,#3666,#3674,.T.);
#3674 = LINE('',#3675,#3676);
#3675 = CARTESIAN_POINT('',(9.76,2.34,12.));
#3676 = VECTOR('',#3677,1.);
#3677 = DIRECTION('',(1.,0.,0.));
#3678 = PLANE('',#3679);
#3679 = AXIS2_PLACEMENT_3D('',#3680,#3681,#3682);
#3680 = CARTESIAN_POINT('',(9.76,2.24,11.9));
#3681 = DIRECTION('',(1.735417226645E-18,0.707106781187,-0.707106781187)
  );
#3682 = DIRECTION('',(-1.,1.227125289148E-18,-1.227125289148E-18));
#3683 = ADVANCED_FACE('',(#3684),#3709,.F.);
#3684 = FACE_BOUND('',#3685,.F.);
#3685 = EDGE_LOOP('',(#3686,#3687,#3695,#3703));
#3686 = ORIENTED_EDGE('',*,*,#3572,.T.);
#3687 = ORIENTED_EDGE('',*,*,#3688,.T.);
#3688 = EDGE_CURVE('',#3565,#3689,#3691,.T.);
#3689 = VERTEX_POINT('',#3690);
#3690 = CARTESIAN_POINT('',(10.56,2.94,11.8));
#3691 = LINE('',#3692,#3693);
#3692 = CARTESIAN_POINT('',(10.56,2.14,11.8));
#3693 = VECTOR('',#3694,1.);
#3694 = DIRECTION('',(0.,1.,0.));
#3695 = ORIENTED_EDGE('',*,*,#3696,.F.);
#3696 = EDGE_CURVE('',#3697,#3689,#3699,.T.);
#3697 = VERTEX_POINT('',#3698);
#3698 = CARTESIAN_POINT('',(10.56,2.94,0.2));
#3699 = LINE('',#3700,#3701);
#3700 = CARTESIAN_POINT('',(10.56,2.94,-2.819966482548E-16));
#3701 = VECTOR('',#3702,1.);
#3702 = DIRECTION('',(0.,0.,1.));
#3703 = ORIENTED_EDGE('',*,*,#3704,.F.);
#3704 = EDGE_CURVE('',#3573,#3697,#3705,.T.);
#3705 = LINE('',#3706,#3707);
#3706 = CARTESIAN_POINT('',(10.56,2.14,0.2));
#3707 = VECTOR('',#3708,1.);
#3708 = DIRECTION('',(0.,1.,0.));
#3709 = PLANE('',#3710);
#3710 = AXIS2_PLACEMENT_3D('',#3711,#3712,#3713);
#3711 = CARTESIAN_POINT('',(10.56,2.14,-2.819966482548E-16));
#3712 = DIRECTION('',(-1.,0.,0.));
#3713 = DIRECTION('',(0.,1.,0.));
#3714 = ADVANCED_FACE('',(#3715),#3731,.F.);
#3715 = FACE_BOUND('',#3716,.F.);
#3716 = EDGE_LOOP('',(#3717,#3718,#3724,#3725));
#3717 = ORIENTED_EDGE('',*,*,#3696,.T.);
#3718 = ORIENTED_EDGE('',*,*,#3719,.T.);
#3719 = EDGE_CURVE('',#3689,#3597,#3720,.T.);
#3720 = LINE('',#3721,#3722);
#3721 = CARTESIAN_POINT('',(10.56,2.94,11.8));
#3722 = VECTOR('',#3723,1.);
#3723 = DIRECTION('',(-1.,0.,0.));
#3724 = ORIENTED_EDGE('',*,*,#3594,.F.);
#3725 = ORIENTED_EDGE('',*,*,#3726,.F.);
#3726 = EDGE_CURVE('',#3697,#3595,#3727,.T.);
#3727 = LINE('',#3728,#3729);
#3728 = CARTESIAN_POINT('',(10.56,2.94,0.2));
#3729 = VECTOR('',#3730,1.);
#3730 = DIRECTION('',(-1.,0.,0.));
#3731 = PLANE('',#3732);
#3732 = AXIS2_PLACEMENT_3D('',#3733,#3734,#3735);
#3733 = CARTESIAN_POINT('',(10.56,2.94,-2.819966482548E-16));
#3734 = DIRECTION('',(0.,-1.,0.));
#3735 = DIRECTION('',(-1.,0.,0.));
#3736 = ADVANCED_FACE('',(#3737),#3755,.T.);
#3737 = FACE_BOUND('',#3738,.F.);
#3738 = EDGE_LOOP('',(#3739,#3747,#3748,#3749));
#3739 = ORIENTED_EDGE('',*,*,#3740,.T.);
#3740 = EDGE_CURVE('',#3741,#3595,#3743,.T.);
#3741 = VERTEX_POINT('',#3742);
#3742 = CARTESIAN_POINT('',(9.96,2.74,-2.958744360626E-16));
#3743 = LINE('',#3744,#3745);
#3744 = CARTESIAN_POINT('',(9.96,2.74,-3.652633751017E-16));
#3745 = VECTOR('',#3746,1.);
#3746 = DIRECTION('',(-0.57735026919,0.57735026919,0.57735026919));
#3747 = ORIENTED_EDGE('',*,*,#3611,.T.);
#3748 = ORIENTED_EDGE('',*,*,#3625,.T.);
#3749 = ORIENTED_EDGE('',*,*,#3750,.F.);
#3750 = EDGE_CURVE('',#3741,#3626,#3751,.T.);
#3751 = LINE('',#3752,#3753);
#3752 = CARTESIAN_POINT('',(9.96,2.94,-2.819966482548E-16));
#3753 = VECTOR('',#3754,1.);
#3754 = DIRECTION('',(0.,-1.,0.));
#3755 = PLANE('',#3756);
#3756 = AXIS2_PLACEMENT_3D('',#3757,#3758,#3759);
#3757 = CARTESIAN_POINT('',(9.86,2.94,1.E-01));
#3758 = DIRECTION('',(-0.707106781187,0.,-0.707106781187));
#3759 = DIRECTION('',(0.,1.,0.));
#3760 = ADVANCED_FACE('',(#3761),#3779,.F.);
#3761 = FACE_BOUND('',#3762,.T.);
#3762 = EDGE_LOOP('',(#3763,#3771,#3772,#3773));
#3763 = ORIENTED_EDGE('',*,*,#3764,.F.);
#3764 = EDGE_CURVE('',#3597,#3765,#3767,.T.);
#3765 = VERTEX_POINT('',#3766);
#3766 = CARTESIAN_POINT('',(9.96,2.74,12.));
#3767 = LINE('',#3768,#3769);
#3768 = CARTESIAN_POINT('',(9.96,2.74,12.));
#3769 = VECTOR('',#3770,1.);
#3770 = DIRECTION('',(0.57735026919,-0.57735026919,0.57735026919));
#3771 = ORIENTED_EDGE('',*,*,#3604,.T.);
#3772 = ORIENTED_EDGE('',*,*,#3656,.T.);
#3773 = ORIENTED_EDGE('',*,*,#3774,.F.);
#3774 = EDGE_CURVE('',#3765,#3657,#3775,.T.);
#3775 = LINE('',#3776,#3777);
#3776 = CARTESIAN_POINT('',(9.96,2.94,12.));
#3777 = VECTOR('',#3778,1.);
#3778 = DIRECTION('',(0.,-1.,0.));
#3779 = PLANE('',#3780);
#3780 = AXIS2_PLACEMENT_3D('',#3781,#3782,#3783);
#3781 = CARTESIAN_POINT('',(9.86,2.94,11.9));
#3782 = DIRECTION('',(0.707106781187,-1.735417226645E-18,-0.707106781187
    ));
#3783 = DIRECTION('',(1.227125289148E-18,1.,-1.227125289148E-18));
#3784 = ADVANCED_FACE('',(#3785),#3803,.F.);
#3785 = FACE_BOUND('',#3786,.F.);
#3786 = EDGE_LOOP('',(#3787,#3788,#3796,#3802));
#3787 = ORIENTED_EDGE('',*,*,#3642,.T.);
#3788 = ORIENTED_EDGE('',*,*,#3789,.T.);
#3789 = EDGE_CURVE('',#3635,#3790,#3792,.T.);
#3790 = VERTEX_POINT('',#3791);
#3791 = CARTESIAN_POINT('',(10.36,2.74,-2.958744360626E-16));
#3792 = LINE('',#3793,#3794);
#3793 = CARTESIAN_POINT('',(10.36,2.14,-2.819966482548E-16));
#3794 = VECTOR('',#3795,1.);
#3795 = DIRECTION('',(0.,1.,0.));
#3796 = ORIENTED_EDGE('',*,*,#3797,.T.);
#3797 = EDGE_CURVE('',#3790,#3741,#3798,.T.);
#3798 = LINE('',#3799,#3800);
#3799 = CARTESIAN_POINT('',(10.56,2.74,-2.819966482548E-16));
#3800 = VECTOR('',#3801,1.);
#3801 = DIRECTION('',(-1.,0.,0.));
#3802 = ORIENTED_EDGE('',*,*,#3750,.T.);
#3803 = PLANE('',#3804);
#3804 = AXIS2_PLACEMENT_3D('',#3805,#3806,#3807);
#3805 = CARTESIAN_POINT('',(10.16,2.54,-2.819966482548E-16));
#3806 = DIRECTION('',(0.,0.,1.));
#3807 = DIRECTION('',(1.,0.,0.));
#3808 = ADVANCED_FACE('',(#3809),#3820,.T.);
#3809 = FACE_BOUND('',#3810,.T.);
#3810 = EDGE_LOOP('',(#3811,#3812,#3813,#3819));
#3811 = ORIENTED_EDGE('',*,*,#3634,.T.);
#3812 = ORIENTED_EDGE('',*,*,#3789,.T.);
#3813 = ORIENTED_EDGE('',*,*,#3814,.T.);
#3814 = EDGE_CURVE('',#3790,#3697,#3815,.T.);
#3815 = LINE('',#3816,#3817);
#3816 = CARTESIAN_POINT('',(10.36,2.74,-3.652633751017E-16));
#3817 = VECTOR('',#3818,1.);
#3818 = DIRECTION('',(0.57735026919,0.57735026919,0.57735026919));
#3819 = ORIENTED_EDGE('',*,*,#3704,.F.);
#3820 = PLANE('',#3821);
#3821 = AXIS2_PLACEMENT_3D('',#3822,#3823,#3824);
#3822 = CARTESIAN_POINT('',(10.46,2.14,1.E-01));
#3823 = DIRECTION('',(0.707106781187,0.,-0.707106781187));
#3824 = DIRECTION('',(0.,1.,0.));
#3825 = ADVANCED_FACE('',(#3826),#3844,.T.);
#3826 = FACE_BOUND('',#3827,.T.);
#3827 = EDGE_LOOP('',(#3828,#3829,#3837,#3843));
#3828 = ORIENTED_EDGE('',*,*,#3673,.T.);
#3829 = ORIENTED_EDGE('',*,*,#3830,.T.);
#3830 = EDGE_CURVE('',#3666,#3831,#3833,.T.);
#3831 = VERTEX_POINT('',#3832);
#3832 = CARTESIAN_POINT('',(10.36,2.74,12.));
#3833 = LINE('',#3834,#3835);
#3834 = CARTESIAN_POINT('',(10.36,2.14,12.));
#3835 = VECTOR('',#3836,1.);
#3836 = DIRECTION('',(0.,1.,0.));
#3837 = ORIENTED_EDGE('',*,*,#3838,.T.);
#3838 = EDGE_CURVE('',#3831,#3765,#3839,.T.);
#3839 = LINE('',#3840,#3841);
#3840 = CARTESIAN_POINT('',(10.56,2.74,12.));
#3841 = VECTOR('',#3842,1.);
#3842 = DIRECTION('',(-1.,0.,0.));
#3843 = ORIENTED_EDGE('',*,*,#3774,.T.);
#3844 = PLANE('',#3845);
#3845 = AXIS2_PLACEMENT_3D('',#3846,#3847,#3848);
#3846 = CARTESIAN_POINT('',(10.16,2.54,12.));
#3847 = DIRECTION('',(0.,0.,1.));
#3848 = DIRECTION('',(1.,0.,0.));
#3849 = ADVANCED_FACE('',(#3850),#3861,.F.);
#3850 = FACE_BOUND('',#3851,.T.);
#3851 = EDGE_LOOP('',(#3852,#3853,#3854,#3860));
#3852 = ORIENTED_EDGE('',*,*,#3665,.F.);
#3853 = ORIENTED_EDGE('',*,*,#3688,.T.);
#3854 = ORIENTED_EDGE('',*,*,#3855,.T.);
#3855 = EDGE_CURVE('',#3689,#3831,#3856,.T.);
#3856 = LINE('',#3857,#3858);
#3857 = CARTESIAN_POINT('',(10.36,2.74,12.));
#3858 = VECTOR('',#3859,1.);
#3859 = DIRECTION('',(-0.57735026919,-0.57735026919,0.57735026919));
#3860 = ORIENTED_EDGE('',*,*,#3830,.F.);
#3861 = PLANE('',#3862);
#3862 = AXIS2_PLACEMENT_3D('',#3863,#3864,#3865);
#3863 = CARTESIAN_POINT('',(10.46,2.14,11.9));
#3864 = DIRECTION('',(-0.707106781187,1.735417226645E-18,-0.707106781187
    ));
#3865 = DIRECTION('',(-1.227125289148E-18,-1.,-1.227125289148E-18));
#3866 = ADVANCED_FACE('',(#3867),#3873,.T.);
#3867 = FACE_BOUND('',#3868,.T.);
#3868 = EDGE_LOOP('',(#3869,#3870,#3871,#3872));
#3869 = ORIENTED_EDGE('',*,*,#3814,.F.);
#3870 = ORIENTED_EDGE('',*,*,#3797,.T.);
#3871 = ORIENTED_EDGE('',*,*,#3740,.T.);
#3872 = ORIENTED_EDGE('',*,*,#3726,.F.);
#3873 = PLANE('',#3874);
#3874 = AXIS2_PLACEMENT_3D('',#3875,#3876,#3877);
#3875 = CARTESIAN_POINT('',(10.56,2.84,1.E-01));
#3876 = DIRECTION('',(0.,0.707106781187,-0.707106781187));
#3877 = DIRECTION('',(-1.,0.,0.));
#3878 = ADVANCED_FACE('',(#3879),#3885,.F.);
#3879 = FACE_BOUND('',#3880,.T.);
#3880 = EDGE_LOOP('',(#3881,#3882,#3883,#3884));
#3881 = ORIENTED_EDGE('',*,*,#3855,.F.);
#3882 = ORIENTED_EDGE('',*,*,#3719,.T.);
#3883 = ORIENTED_EDGE('',*,*,#3764,.T.);
#3884 = ORIENTED_EDGE('',*,*,#3838,.F.);
#3885 = PLANE('',#3886);
#3886 = AXIS2_PLACEMENT_3D('',#3887,#3888,#3889);
#3887 = CARTESIAN_POINT('',(10.56,2.84,11.9));
#3888 = DIRECTION('',(-1.735417226645E-18,-0.707106781187,
    -0.707106781187));
#3889 = DIRECTION('',(1.,-1.227125289148E-18,-1.227125289148E-18));
#3890 = MANIFOLD_SOLID_BREP('',#3891);
#3891 = CLOSED_SHELL('',(#3892,#3932,#3963,#3994,#4025,#4056,#4078,#4102
    ,#4126,#4150,#4167,#4191,#4208,#4220));
#3892 = ADVANCED_FACE('',(#3893),#3927,.F.);
#3893 = FACE_BOUND('',#3894,.F.);
#3894 = EDGE_LOOP('',(#3895,#3905,#3913,#3921));
#3895 = ORIENTED_EDGE('',*,*,#3896,.T.);
#3896 = EDGE_CURVE('',#3897,#3899,#3901,.T.);
#3897 = VERTEX_POINT('',#3898);
#3898 = CARTESIAN_POINT('',(12.3,-0.4,0.2));
#3899 = VERTEX_POINT('',#3900);
#3900 = CARTESIAN_POINT('',(12.3,-0.4,11.8));
#3901 = LINE('',#3902,#3903);
#3902 = CARTESIAN_POINT('',(12.3,-0.4,0.));
#3903 = VECTOR('',#3904,1.);
#3904 = DIRECTION('',(0.,0.,1.));
#3905 = ORIENTED_EDGE('',*,*,#3906,.T.);
#3906 = EDGE_CURVE('',#3899,#3907,#3909,.T.);
#3907 = VERTEX_POINT('',#3908);
#3908 = CARTESIAN_POINT('',(13.1,-0.4,11.8));
#3909 = LINE('',#3910,#3911);
#3910 = CARTESIAN_POINT('',(12.3,-0.4,11.8));
#3911 = VECTOR('',#3912,1.);
#3912 = DIRECTION('',(1.,0.,0.));
#3913 = ORIENTED_EDGE('',*,*,#3914,.F.);
#3914 = EDGE_CURVE('',#3915,#3907,#3917,.T.);
#3915 = VERTEX_POINT('',#3916);
#3916 = CARTESIAN_POINT('',(13.1,-0.4,0.2));
#3917 = LINE('',#3918,#3919);
#3918 = CARTESIAN_POINT('',(13.1,-0.4,0.));
#3919 = VECTOR('',#3920,1.);
#3920 = DIRECTION('',(0.,0.,1.));
#3921 = ORIENTED_EDGE('',*,*,#3922,.F.);
#3922 = EDGE_CURVE('',#3897,#3915,#3923,.T.);
#3923 = LINE('',#3924,#3925);
#3924 = CARTESIAN_POINT('',(12.3,-0.4,0.2));
#3925 = VECTOR('',#3926,1.);
#3926 = DIRECTION('',(1.,0.,0.));
#3927 = PLANE('',#3928);
#3928 = AXIS2_PLACEMENT_3D('',#3929,#3930,#3931);
#3929 = CARTESIAN_POINT('',(12.3,-0.4,0.));
#3930 = DIRECTION('',(0.,1.,0.));
#3931 = DIRECTION('',(1.,0.,0.));
#3932 = ADVANCED_FACE('',(#3933),#3958,.F.);
#3933 = FACE_BOUND('',#3934,.F.);
#3934 = EDGE_LOOP('',(#3935,#3945,#3951,#3952));
#3935 = ORIENTED_EDGE('',*,*,#3936,.T.);
#3936 = EDGE_CURVE('',#3937,#3939,#3941,.T.);
#3937 = VERTEX_POINT('',#3938);
#3938 = CARTESIAN_POINT('',(12.3,0.4,0.2));
#3939 = VERTEX_POINT('',#3940);
#3940 = CARTESIAN_POINT('',(12.3,0.4,11.8));
#3941 = LINE('',#3942,#3943);
#3942 = CARTESIAN_POINT('',(12.3,0.4,0.));
#3943 = VECTOR('',#3944,1.);
#3944 = DIRECTION('',(0.,0.,1.));
#3945 = ORIENTED_EDGE('',*,*,#3946,.T.);
#3946 = EDGE_CURVE('',#3939,#3899,#3947,.T.);
#3947 = LINE('',#3948,#3949);
#3948 = CARTESIAN_POINT('',(12.3,0.4,11.8));
#3949 = VECTOR('',#3950,1.);
#3950 = DIRECTION('',(0.,-1.,0.));
#3951 = ORIENTED_EDGE('',*,*,#3896,.F.);
#3952 = ORIENTED_EDGE('',*,*,#3953,.F.);
#3953 = EDGE_CURVE('',#3937,#3897,#3954,.T.);
#3954 = LINE('',#3955,#3956);
#3955 = CARTESIAN_POINT('',(12.3,0.4,0.2));
#3956 = VECTOR('',#3957,1.);
#3957 = DIRECTION('',(0.,-1.,0.));
#3958 = PLANE('',#3959);
#3959 = AXIS2_PLACEMENT_3D('',#3960,#3961,#3962);
#3960 = CARTESIAN_POINT('',(12.3,0.4,0.));
#3961 = DIRECTION('',(1.,0.,0.));
#3962 = DIRECTION('',(0.,-1.,0.));
#3963 = ADVANCED_FACE('',(#3964),#3989,.T.);
#3964 = FACE_BOUND('',#3965,.F.);
#3965 = EDGE_LOOP('',(#3966,#3974,#3975,#3983));
#3966 = ORIENTED_EDGE('',*,*,#3967,.F.);
#3967 = EDGE_CURVE('',#3897,#3968,#3970,.T.);
#3968 = VERTEX_POINT('',#3969);
#3969 = CARTESIAN_POINT('',(12.5,-0.2,-1.387778780781E-17));
#3970 = LINE('',#3971,#3972);
#3971 = CARTESIAN_POINT('',(12.5,-0.2,-8.326672684689E-17));
#3972 = VECTOR('',#3973,1.);
#3973 = DIRECTION('',(0.57735026919,0.57735026919,-0.57735026919));
#3974 = ORIENTED_EDGE('',*,*,#3922,.T.);
#3975 = ORIENTED_EDGE('',*,*,#3976,.T.);
#3976 = EDGE_CURVE('',#3915,#3977,#3979,.T.);
#3977 = VERTEX_POINT('',#3978);
#3978 = CARTESIAN_POINT('',(12.9,-0.2,-1.387778780781E-17));
#3979 = LINE('',#3980,#3981);
#3980 = CARTESIAN_POINT('',(12.9,-0.2,-8.326672684689E-17));
#3981 = VECTOR('',#3982,1.);
#3982 = DIRECTION('',(-0.57735026919,0.57735026919,-0.57735026919));
#3983 = ORIENTED_EDGE('',*,*,#3984,.F.);
#3984 = EDGE_CURVE('',#3968,#3977,#3985,.T.);
#3985 = LINE('',#3986,#3987);
#3986 = CARTESIAN_POINT('',(12.3,-0.2,0.));
#3987 = VECTOR('',#3988,1.);
#3988 = DIRECTION('',(1.,0.,0.));
#3989 = PLANE('',#3990);
#3990 = AXIS2_PLACEMENT_3D('',#3991,#3992,#3993);
#3991 = CARTESIAN_POINT('',(12.3,-0.3,0.1));
#3992 = DIRECTION('',(0.,-0.707106781187,-0.707106781187));
#3993 = DIRECTION('',(-1.,-0.,-0.));
#3994 = ADVANCED_FACE('',(#3995),#4020,.F.);
#3995 = FACE_BOUND('',#3996,.T.);
#3996 = EDGE_LOOP('',(#3997,#4005,#4006,#4014));
#3997 = ORIENTED_EDGE('',*,*,#3998,.F.);
#3998 = EDGE_CURVE('',#3899,#3999,#4001,.T.);
#3999 = VERTEX_POINT('',#4000);
#4000 = CARTESIAN_POINT('',(12.5,-0.2,12.));
#4001 = LINE('',#4002,#4003);
#4002 = CARTESIAN_POINT('',(12.5,-0.2,12.));
#4003 = VECTOR('',#4004,1.);
#4004 = DIRECTION('',(0.57735026919,0.57735026919,0.57735026919));
#4005 = ORIENTED_EDGE('',*,*,#3906,.T.);
#4006 = ORIENTED_EDGE('',*,*,#4007,.T.);
#4007 = EDGE_CURVE('',#3907,#4008,#4010,.T.);
#4008 = VERTEX_POINT('',#4009);
#4009 = CARTESIAN_POINT('',(12.9,-0.2,12.));
#4010 = LINE('',#4011,#4012);
#4011 = CARTESIAN_POINT('',(12.9,-0.2,12.));
#4012 = VECTOR('',#4013,1.);
#4013 = DIRECTION('',(-0.57735026919,0.57735026919,0.57735026919));
#4014 = ORIENTED_EDGE('',*,*,#4015,.F.);
#4015 = EDGE_CURVE('',#3999,#4008,#4016,.T.);
#4016 = LINE('',#4017,#4018);
#4017 = CARTESIAN_POINT('',(12.3,-0.2,12.));
#4018 = VECTOR('',#4019,1.);
#4019 = DIRECTION('',(1.,0.,0.));
#4020 = PLANE('',#4021);
#4021 = AXIS2_PLACEMENT_3D('',#4022,#4023,#4024);
#4022 = CARTESIAN_POINT('',(12.3,-0.3,11.9));
#4023 = DIRECTION('',(1.735417226645E-18,0.707106781187,-0.707106781187)
  );
#4024 = DIRECTION('',(-1.,1.227125289148E-18,-1.227125289148E-18));
#4025 = ADVANCED_FACE('',(#4026),#4051,.F.);
#4026 = FACE_BOUND('',#4027,.F.);
#4027 = EDGE_LOOP('',(#4028,#4029,#4037,#4045));
#4028 = ORIENTED_EDGE('',*,*,#3914,.T.);
#4029 = ORIENTED_EDGE('',*,*,#4030,.T.);
#4030 = EDGE_CURVE('',#3907,#4031,#4033,.T.);
#4031 = VERTEX_POINT('',#4032);
#4032 = CARTESIAN_POINT('',(13.1,0.4,11.8));
#4033 = LINE('',#4034,#4035);
#4034 = CARTESIAN_POINT('',(13.1,-0.4,11.8));
#4035 = VECTOR('',#4036,1.);
#4036 = DIRECTION('',(0.,1.,0.));
#4037 = ORIENTED_EDGE('',*,*,#4038,.F.);
#4038 = EDGE_CURVE('',#4039,#4031,#4041,.T.);
#4039 = VERTEX_POINT('',#4040);
#4040 = CARTESIAN_POINT('',(13.1,0.4,0.2));
#4041 = LINE('',#4042,#4043);
#4042 = CARTESIAN_POINT('',(13.1,0.4,0.));
#4043 = VECTOR('',#4044,1.);
#4044 = DIRECTION('',(0.,0.,1.));
#4045 = ORIENTED_EDGE('',*,*,#4046,.F.);
#4046 = EDGE_CURVE('',#3915,#4039,#4047,.T.);
#4047 = LINE('',#4048,#4049);
#4048 = CARTESIAN_POINT('',(13.1,-0.4,0.2));
#4049 = VECTOR('',#4050,1.);
#4050 = DIRECTION('',(0.,1.,0.));
#4051 = PLANE('',#4052);
#4052 = AXIS2_PLACEMENT_3D('',#4053,#4054,#4055);
#4053 = CARTESIAN_POINT('',(13.1,-0.4,0.));
#4054 = DIRECTION('',(-1.,0.,0.));
#4055 = DIRECTION('',(0.,1.,0.));
#4056 = ADVANCED_FACE('',(#4057),#4073,.F.);
#4057 = FACE_BOUND('',#4058,.F.);
#4058 = EDGE_LOOP('',(#4059,#4060,#4066,#4067));
#4059 = ORIENTED_EDGE('',*,*,#4038,.T.);
#4060 = ORIENTED_EDGE('',*,*,#4061,.T.);
#4061 = EDGE_CURVE('',#4031,#3939,#4062,.T.);
#4062 = LINE('',#4063,#4064);
#4063 = CARTESIAN_POINT('',(13.1,0.4,11.8));
#4064 = VECTOR('',#4065,1.);
#4065 = DIRECTION('',(-1.,0.,0.));
#4066 = ORIENTED_EDGE('',*,*,#3936,.F.);
#4067 = ORIENTED_EDGE('',*,*,#4068,.F.);
#4068 = EDGE_CURVE('',#4039,#3937,#4069,.T.);
#4069 = LINE('',#4070,#4071);
#4070 = CARTESIAN_POINT('',(13.1,0.4,0.2));
#4071 = VECTOR('',#4072,1.);
#4072 = DIRECTION('',(-1.,0.,0.));
#4073 = PLANE('',#4074);
#4074 = AXIS2_PLACEMENT_3D('',#4075,#4076,#4077);
#4075 = CARTESIAN_POINT('',(13.1,0.4,0.));
#4076 = DIRECTION('',(0.,-1.,0.));
#4077 = DIRECTION('',(-1.,0.,0.));
#4078 = ADVANCED_FACE('',(#4079),#4097,.T.);
#4079 = FACE_BOUND('',#4080,.F.);
#4080 = EDGE_LOOP('',(#4081,#4089,#4090,#4091));
#4081 = ORIENTED_EDGE('',*,*,#4082,.T.);
#4082 = EDGE_CURVE('',#4083,#3937,#4085,.T.);
#4083 = VERTEX_POINT('',#4084);
#4084 = CARTESIAN_POINT('',(12.5,0.2,-1.387778780781E-17));
#4085 = LINE('',#4086,#4087);
#4086 = CARTESIAN_POINT('',(12.5,0.2,-8.326672684689E-17));
#4087 = VECTOR('',#4088,1.);
#4088 = DIRECTION('',(-0.57735026919,0.57735026919,0.57735026919));
#4089 = ORIENTED_EDGE('',*,*,#3953,.T.);
#4090 = ORIENTED_EDGE('',*,*,#3967,.T.);
#4091 = ORIENTED_EDGE('',*,*,#4092,.F.);
#4092 = EDGE_CURVE('',#4083,#3968,#4093,.T.);
#4093 = LINE('',#4094,#4095);
#4094 = CARTESIAN_POINT('',(12.5,0.4,0.));
#4095 = VECTOR('',#4096,1.);
#4096 = DIRECTION('',(0.,-1.,0.));
#4097 = PLANE('',#4098);
#4098 = AXIS2_PLACEMENT_3D('',#4099,#4100,#4101);
#4099 = CARTESIAN_POINT('',(12.4,0.4,0.1));
#4100 = DIRECTION('',(-0.707106781187,0.,-0.707106781187));
#4101 = DIRECTION('',(0.,1.,0.));
#4102 = ADVANCED_FACE('',(#4103),#4121,.F.);
#4103 = FACE_BOUND('',#4104,.T.);
#4104 = EDGE_LOOP('',(#4105,#4113,#4114,#4115));
#4105 = ORIENTED_EDGE('',*,*,#4106,.F.);
#4106 = EDGE_CURVE('',#3939,#4107,#4109,.T.);
#4107 = VERTEX_POINT('',#4108);
#4108 = CARTESIAN_POINT('',(12.5,0.2,12.));
#4109 = LINE('',#4110,#4111);
#4110 = CARTESIAN_POINT('',(12.5,0.2,12.));
#4111 = VECTOR('',#4112,1.);
#4112 = DIRECTION('',(0.57735026919,-0.57735026919,0.57735026919));
#4113 = ORIENTED_EDGE('',*,*,#3946,.T.);
#4114 = ORIENTED_EDGE('',*,*,#3998,.T.);
#4115 = ORIENTED_EDGE('',*,*,#4116,.F.);
#4116 = EDGE_CURVE('',#4107,#3999,#4117,.T.);
#4117 = LINE('',#4118,#4119);
#4118 = CARTESIAN_POINT('',(12.5,0.4,12.));
#4119 = VECTOR('',#4120,1.);
#4120 = DIRECTION('',(0.,-1.,0.));
#4121 = PLANE('',#4122);
#4122 = AXIS2_PLACEMENT_3D('',#4123,#4124,#4125);
#4123 = CARTESIAN_POINT('',(12.4,0.4,11.9));
#4124 = DIRECTION('',(0.707106781187,-1.735417226645E-18,-0.707106781187
    ));
#4125 = DIRECTION('',(1.227125289148E-18,1.,-1.227125289148E-18));
#4126 = ADVANCED_FACE('',(#4127),#4145,.F.);
#4127 = FACE_BOUND('',#4128,.F.);
#4128 = EDGE_LOOP('',(#4129,#4130,#4138,#4144));
#4129 = ORIENTED_EDGE('',*,*,#3984,.T.);
#4130 = ORIENTED_EDGE('',*,*,#4131,.T.);
#4131 = EDGE_CURVE('',#3977,#4132,#4134,.T.);
#4132 = VERTEX_POINT('',#4133);
#4133 = CARTESIAN_POINT('',(12.9,0.2,-1.387778780781E-17));
#4134 = LINE('',#4135,#4136);
#4135 = CARTESIAN_POINT('',(12.9,-0.4,0.));
#4136 = VECTOR('',#4137,1.);
#4137 = DIRECTION('',(0.,1.,0.));
#4138 = ORIENTED_EDGE('',*,*,#4139,.T.);
#4139 = EDGE_CURVE('',#4132,#4083,#4140,.T.);
#4140 = LINE('',#4141,#4142);
#4141 = CARTESIAN_POINT('',(13.1,0.2,0.));
#4142 = VECTOR('',#4143,1.);
#4143 = DIRECTION('',(-1.,0.,0.));
#4144 = ORIENTED_EDGE('',*,*,#4092,.T.);
#4145 = PLANE('',#4146);
#4146 = AXIS2_PLACEMENT_3D('',#4147,#4148,#4149);
#4147 = CARTESIAN_POINT('',(12.7,0.,0.));
#4148 = DIRECTION('',(0.,0.,1.));
#4149 = DIRECTION('',(1.,0.,0.));
#4150 = ADVANCED_FACE('',(#4151),#4162,.T.);
#4151 = FACE_BOUND('',#4152,.T.);
#4152 = EDGE_LOOP('',(#4153,#4154,#4155,#4161));
#4153 = ORIENTED_EDGE('',*,*,#3976,.T.);
#4154 = ORIENTED_EDGE('',*,*,#4131,.T.);
#4155 = ORIENTED_EDGE('',*,*,#4156,.T.);
#4156 = EDGE_CURVE('',#4132,#4039,#4157,.T.);
#4157 = LINE('',#4158,#4159);
#4158 = CARTESIAN_POINT('',(12.9,0.2,-8.326672684689E-17));
#4159 = VECTOR('',#4160,1.);
#4160 = DIRECTION('',(0.57735026919,0.57735026919,0.57735026919));
#4161 = ORIENTED_EDGE('',*,*,#4046,.F.);
#4162 = PLANE('',#4163);
#4163 = AXIS2_PLACEMENT_3D('',#4164,#4165,#4166);
#4164 = CARTESIAN_POINT('',(13.,-0.4,0.1));
#4165 = DIRECTION('',(0.707106781187,0.,-0.707106781187));
#4166 = DIRECTION('',(0.,1.,0.));
#4167 = ADVANCED_FACE('',(#4168),#4186,.T.);
#4168 = FACE_BOUND('',#4169,.T.);
#4169 = EDGE_LOOP('',(#4170,#4171,#4179,#4185));
#4170 = ORIENTED_EDGE('',*,*,#4015,.T.);
#4171 = ORIENTED_EDGE('',*,*,#4172,.T.);
#4172 = EDGE_CURVE('',#4008,#4173,#4175,.T.);
#4173 = VERTEX_POINT('',#4174);
#4174 = CARTESIAN_POINT('',(12.9,0.2,12.));
#4175 = LINE('',#4176,#4177);
#4176 = CARTESIAN_POINT('',(12.9,-0.4,12.));
#4177 = VECTOR('',#4178,1.);
#4178 = DIRECTION('',(0.,1.,0.));
#4179 = ORIENTED_EDGE('',*,*,#4180,.T.);
#4180 = EDGE_CURVE('',#4173,#4107,#4181,.T.);
#4181 = LINE('',#4182,#4183);
#4182 = CARTESIAN_POINT('',(13.1,0.2,12.));
#4183 = VECTOR('',#4184,1.);
#4184 = DIRECTION('',(-1.,0.,0.));
#4185 = ORIENTED_EDGE('',*,*,#4116,.T.);
#4186 = PLANE('',#4187);
#4187 = AXIS2_PLACEMENT_3D('',#4188,#4189,#4190);
#4188 = CARTESIAN_POINT('',(12.7,0.,12.));
#4189 = DIRECTION('',(0.,0.,1.));
#4190 = DIRECTION('',(1.,0.,0.));
#4191 = ADVANCED_FACE('',(#4192),#4203,.F.);
#4192 = FACE_BOUND('',#4193,.T.);
#4193 = EDGE_LOOP('',(#4194,#4195,#4196,#4202));
#4194 = ORIENTED_EDGE('',*,*,#4007,.F.);
#4195 = ORIENTED_EDGE('',*,*,#4030,.T.);
#4196 = ORIENTED_EDGE('',*,*,#4197,.T.);
#4197 = EDGE_CURVE('',#4031,#4173,#4198,.T.);
#4198 = LINE('',#4199,#4200);
#4199 = CARTESIAN_POINT('',(12.9,0.2,12.));
#4200 = VECTOR('',#4201,1.);
#4201 = DIRECTION('',(-0.57735026919,-0.57735026919,0.57735026919));
#4202 = ORIENTED_EDGE('',*,*,#4172,.F.);
#4203 = PLANE('',#4204);
#4204 = AXIS2_PLACEMENT_3D('',#4205,#4206,#4207);
#4205 = CARTESIAN_POINT('',(13.,-0.4,11.9));
#4206 = DIRECTION('',(-0.707106781187,1.735417226645E-18,-0.707106781187
    ));
#4207 = DIRECTION('',(-1.227125289148E-18,-1.,-1.227125289148E-18));
#4208 = ADVANCED_FACE('',(#4209),#4215,.T.);
#4209 = FACE_BOUND('',#4210,.T.);
#4210 = EDGE_LOOP('',(#4211,#4212,#4213,#4214));
#4211 = ORIENTED_EDGE('',*,*,#4156,.F.);
#4212 = ORIENTED_EDGE('',*,*,#4139,.T.);
#4213 = ORIENTED_EDGE('',*,*,#4082,.T.);
#4214 = ORIENTED_EDGE('',*,*,#4068,.F.);
#4215 = PLANE('',#4216);
#4216 = AXIS2_PLACEMENT_3D('',#4217,#4218,#4219);
#4217 = CARTESIAN_POINT('',(13.1,0.3,0.1));
#4218 = DIRECTION('',(0.,0.707106781187,-0.707106781187));
#4219 = DIRECTION('',(-1.,0.,0.));
#4220 = ADVANCED_FACE('',(#4221),#4227,.F.);
#4221 = FACE_BOUND('',#4222,.T.);
#4222 = EDGE_LOOP('',(#4223,#4224,#4225,#4226));
#4223 = ORIENTED_EDGE('',*,*,#4197,.F.);
#4224 = ORIENTED_EDGE('',*,*,#4061,.T.);
#4225 = ORIENTED_EDGE('',*,*,#4106,.T.);
#4226 = ORIENTED_EDGE('',*,*,#4180,.F.);
#4227 = PLANE('',#4228);
#4228 = AXIS2_PLACEMENT_3D('',#4229,#4230,#4231);
#4229 = CARTESIAN_POINT('',(13.1,0.3,11.9));
#4230 = DIRECTION('',(-1.735417226645E-18,-0.707106781187,
    -0.707106781187));
#4231 = DIRECTION('',(1.,-1.227125289148E-18,-1.227125289148E-18));
#4232 = MANIFOLD_SOLID_BREP('',#4233);
#4233 = CLOSED_SHELL('',(#4234,#4274,#4305,#4336,#4367,#4398,#4420,#4444
    ,#4468,#4492,#4509,#4533,#4550,#4562));
#4234 = ADVANCED_FACE('',(#4235),#4269,.F.);
#4235 = FACE_BOUND('',#4236,.F.);
#4236 = EDGE_LOOP('',(#4237,#4247,#4255,#4263));
#4237 = ORIENTED_EDGE('',*,*,#4238,.T.);
#4238 = EDGE_CURVE('',#4239,#4241,#4243,.T.);
#4239 = VERTEX_POINT('',#4240);
#4240 = CARTESIAN_POINT('',(12.3,2.14,0.2));
#4241 = VERTEX_POINT('',#4242);
#4242 = CARTESIAN_POINT('',(12.3,2.14,11.8));
#4243 = LINE('',#4244,#4245);
#4244 = CARTESIAN_POINT('',(12.3,2.14,-2.819966482548E-16));
#4245 = VECTOR('',#4246,1.);
#4246 = DIRECTION('',(0.,0.,1.));
#4247 = ORIENTED_EDGE('',*,*,#4248,.T.);
#4248 = EDGE_CURVE('',#4241,#4249,#4251,.T.);
#4249 = VERTEX_POINT('',#4250);
#4250 = CARTESIAN_POINT('',(13.1,2.14,11.8));
#4251 = LINE('',#4252,#4253);
#4252 = CARTESIAN_POINT('',(12.3,2.14,11.8));
#4253 = VECTOR('',#4254,1.);
#4254 = DIRECTION('',(1.,0.,0.));
#4255 = ORIENTED_EDGE('',*,*,#4256,.F.);
#4256 = EDGE_CURVE('',#4257,#4249,#4259,.T.);
#4257 = VERTEX_POINT('',#4258);
#4258 = CARTESIAN_POINT('',(13.1,2.14,0.2));
#4259 = LINE('',#4260,#4261);
#4260 = CARTESIAN_POINT('',(13.1,2.14,-2.819966482548E-16));
#4261 = VECTOR('',#4262,1.);
#4262 = DIRECTION('',(0.,0.,1.));
#4263 = ORIENTED_EDGE('',*,*,#4264,.F.);
#4264 = EDGE_CURVE('',#4239,#4257,#4265,.T.);
#4265 = LINE('',#4266,#4267);
#4266 = CARTESIAN_POINT('',(12.3,2.14,0.2));
#4267 = VECTOR('',#4268,1.);
#4268 = DIRECTION('',(1.,0.,0.));
#4269 = PLANE('',#4270);
#4270 = AXIS2_PLACEMENT_3D('',#4271,#4272,#4273);
#4271 = CARTESIAN_POINT('',(12.3,2.14,-2.819966482548E-16));
#4272 = DIRECTION('',(0.,1.,0.));
#4273 = DIRECTION('',(1.,0.,0.));
#4274 = ADVANCED_FACE('',(#4275),#4300,.F.);
#4275 = FACE_BOUND('',#4276,.F.);
#4276 = EDGE_LOOP('',(#4277,#4287,#4293,#4294));
#4277 = ORIENTED_EDGE('',*,*,#4278,.T.);
#4278 = EDGE_CURVE('',#4279,#4281,#4283,.T.);
#4279 = VERTEX_POINT('',#4280);
#4280 = CARTESIAN_POINT('',(12.3,2.94,0.2));
#4281 = VERTEX_POINT('',#4282);
#4282 = CARTESIAN_POINT('',(12.3,2.94,11.8));
#4283 = LINE('',#4284,#4285);
#4284 = CARTESIAN_POINT('',(12.3,2.94,-2.819966482548E-16));
#4285 = VECTOR('',#4286,1.);
#4286 = DIRECTION('',(0.,0.,1.));
#4287 = ORIENTED_EDGE('',*,*,#4288,.T.);
#4288 = EDGE_CURVE('',#4281,#4241,#4289,.T.);
#4289 = LINE('',#4290,#4291);
#4290 = CARTESIAN_POINT('',(12.3,2.94,11.8));
#4291 = VECTOR('',#4292,1.);
#4292 = DIRECTION('',(0.,-1.,0.));
#4293 = ORIENTED_EDGE('',*,*,#4238,.F.);
#4294 = ORIENTED_EDGE('',*,*,#4295,.F.);
#4295 = EDGE_CURVE('',#4279,#4239,#4296,.T.);
#4296 = LINE('',#4297,#4298);
#4297 = CARTESIAN_POINT('',(12.3,2.94,0.2));
#4298 = VECTOR('',#4299,1.);
#4299 = DIRECTION('',(0.,-1.,0.));
#4300 = PLANE('',#4301);
#4301 = AXIS2_PLACEMENT_3D('',#4302,#4303,#4304);
#4302 = CARTESIAN_POINT('',(12.3,2.94,-2.819966482548E-16));
#4303 = DIRECTION('',(1.,0.,0.));
#4304 = DIRECTION('',(0.,-1.,0.));
#4305 = ADVANCED_FACE('',(#4306),#4331,.T.);
#4306 = FACE_BOUND('',#4307,.F.);
#4307 = EDGE_LOOP('',(#4308,#4316,#4317,#4325));
#4308 = ORIENTED_EDGE('',*,*,#4309,.F.);
#4309 = EDGE_CURVE('',#4239,#4310,#4312,.T.);
#4310 = VERTEX_POINT('',#4311);
#4311 = CARTESIAN_POINT('',(12.5,2.34,-2.958744360626E-16));
#4312 = LINE('',#4313,#4314);
#4313 = CARTESIAN_POINT('',(12.5,2.34,-3.652633751017E-16));
#4314 = VECTOR('',#4315,1.);
#4315 = DIRECTION('',(0.57735026919,0.57735026919,-0.57735026919));
#4316 = ORIENTED_EDGE('',*,*,#4264,.T.);
#4317 = ORIENTED_EDGE('',*,*,#4318,.T.);
#4318 = EDGE_CURVE('',#4257,#4319,#4321,.T.);
#4319 = VERTEX_POINT('',#4320);
#4320 = CARTESIAN_POINT('',(12.9,2.34,-2.958744360626E-16));
#4321 = LINE('',#4322,#4323);
#4322 = CARTESIAN_POINT('',(12.9,2.34,-3.652633751017E-16));
#4323 = VECTOR('',#4324,1.);
#4324 = DIRECTION('',(-0.57735026919,0.57735026919,-0.57735026919));
#4325 = ORIENTED_EDGE('',*,*,#4326,.F.);
#4326 = EDGE_CURVE('',#4310,#4319,#4327,.T.);
#4327 = LINE('',#4328,#4329);
#4328 = CARTESIAN_POINT('',(12.3,2.34,-2.819966482548E-16));
#4329 = VECTOR('',#4330,1.);
#4330 = DIRECTION('',(1.,0.,0.));
#4331 = PLANE('',#4332);
#4332 = AXIS2_PLACEMENT_3D('',#4333,#4334,#4335);
#4333 = CARTESIAN_POINT('',(12.3,2.24,1.E-01));
#4334 = DIRECTION('',(0.,-0.707106781187,-0.707106781187));
#4335 = DIRECTION('',(-1.,-0.,-0.));
#4336 = ADVANCED_FACE('',(#4337),#4362,.F.);
#4337 = FACE_BOUND('',#4338,.T.);
#4338 = EDGE_LOOP('',(#4339,#4347,#4348,#4356));
#4339 = ORIENTED_EDGE('',*,*,#4340,.F.);
#4340 = EDGE_CURVE('',#4241,#4341,#4343,.T.);
#4341 = VERTEX_POINT('',#4342);
#4342 = CARTESIAN_POINT('',(12.5,2.34,12.));
#4343 = LINE('',#4344,#4345);
#4344 = CARTESIAN_POINT('',(12.5,2.34,12.));
#4345 = VECTOR('',#4346,1.);
#4346 = DIRECTION('',(0.57735026919,0.57735026919,0.57735026919));
#4347 = ORIENTED_EDGE('',*,*,#4248,.T.);
#4348 = ORIENTED_EDGE('',*,*,#4349,.T.);
#4349 = EDGE_CURVE('',#4249,#4350,#4352,.T.);
#4350 = VERTEX_POINT('',#4351);
#4351 = CARTESIAN_POINT('',(12.9,2.34,12.));
#4352 = LINE('',#4353,#4354);
#4353 = CARTESIAN_POINT('',(12.9,2.34,12.));
#4354 = VECTOR('',#4355,1.);
#4355 = DIRECTION('',(-0.57735026919,0.57735026919,0.57735026919));
#4356 = ORIENTED_EDGE('',*,*,#4357,.F.);
#4357 = EDGE_CURVE('',#4341,#4350,#4358,.T.);
#4358 = LINE('',#4359,#4360);
#4359 = CARTESIAN_POINT('',(12.3,2.34,12.));
#4360 = VECTOR('',#4361,1.);
#4361 = DIRECTION('',(1.,0.,0.));
#4362 = PLANE('',#4363);
#4363 = AXIS2_PLACEMENT_3D('',#4364,#4365,#4366);
#4364 = CARTESIAN_POINT('',(12.3,2.24,11.9));
#4365 = DIRECTION('',(1.735417226645E-18,0.707106781187,-0.707106781187)
  );
#4366 = DIRECTION('',(-1.,1.227125289148E-18,-1.227125289148E-18));
#4367 = ADVANCED_FACE('',(#4368),#4393,.F.);
#4368 = FACE_BOUND('',#4369,.F.);
#4369 = EDGE_LOOP('',(#4370,#4371,#4379,#4387));
#4370 = ORIENTED_EDGE('',*,*,#4256,.T.);
#4371 = ORIENTED_EDGE('',*,*,#4372,.T.);
#4372 = EDGE_CURVE('',#4249,#4373,#4375,.T.);
#4373 = VERTEX_POINT('',#4374);
#4374 = CARTESIAN_POINT('',(13.1,2.94,11.8));
#4375 = LINE('',#4376,#4377);
#4376 = CARTESIAN_POINT('',(13.1,2.14,11.8));
#4377 = VECTOR('',#4378,1.);
#4378 = DIRECTION('',(0.,1.,0.));
#4379 = ORIENTED_EDGE('',*,*,#4380,.F.);
#4380 = EDGE_CURVE('',#4381,#4373,#4383,.T.);
#4381 = VERTEX_POINT('',#4382);
#4382 = CARTESIAN_POINT('',(13.1,2.94,0.2));
#4383 = LINE('',#4384,#4385);
#4384 = CARTESIAN_POINT('',(13.1,2.94,-2.819966482548E-16));
#4385 = VECTOR('',#4386,1.);
#4386 = DIRECTION('',(0.,0.,1.));
#4387 = ORIENTED_EDGE('',*,*,#4388,.F.);
#4388 = EDGE_CURVE('',#4257,#4381,#4389,.T.);
#4389 = LINE('',#4390,#4391);
#4390 = CARTESIAN_POINT('',(13.1,2.14,0.2));
#4391 = VECTOR('',#4392,1.);
#4392 = DIRECTION('',(0.,1.,0.));
#4393 = PLANE('',#4394);
#4394 = AXIS2_PLACEMENT_3D('',#4395,#4396,#4397);
#4395 = CARTESIAN_POINT('',(13.1,2.14,-2.819966482548E-16));
#4396 = DIRECTION('',(-1.,0.,0.));
#4397 = DIRECTION('',(0.,1.,0.));
#4398 = ADVANCED_FACE('',(#4399),#4415,.F.);
#4399 = FACE_BOUND('',#4400,.F.);
#4400 = EDGE_LOOP('',(#4401,#4402,#4408,#4409));
#4401 = ORIENTED_EDGE('',*,*,#4380,.T.);
#4402 = ORIENTED_EDGE('',*,*,#4403,.T.);
#4403 = EDGE_CURVE('',#4373,#4281,#4404,.T.);
#4404 = LINE('',#4405,#4406);
#4405 = CARTESIAN_POINT('',(13.1,2.94,11.8));
#4406 = VECTOR('',#4407,1.);
#4407 = DIRECTION('',(-1.,0.,0.));
#4408 = ORIENTED_EDGE('',*,*,#4278,.F.);
#4409 = ORIENTED_EDGE('',*,*,#4410,.F.);
#4410 = EDGE_CURVE('',#4381,#4279,#4411,.T.);
#4411 = LINE('',#4412,#4413);
#4412 = CARTESIAN_POINT('',(13.1,2.94,0.2));
#4413 = VECTOR('',#4414,1.);
#4414 = DIRECTION('',(-1.,0.,0.));
#4415 = PLANE('',#4416);
#4416 = AXIS2_PLACEMENT_3D('',#4417,#4418,#4419);
#4417 = CARTESIAN_POINT('',(13.1,2.94,-2.819966482548E-16));
#4418 = DIRECTION('',(0.,-1.,0.));
#4419 = DIRECTION('',(-1.,0.,0.));
#4420 = ADVANCED_FACE('',(#4421),#4439,.T.);
#4421 = FACE_BOUND('',#4422,.F.);
#4422 = EDGE_LOOP('',(#4423,#4431,#4432,#4433));
#4423 = ORIENTED_EDGE('',*,*,#4424,.T.);
#4424 = EDGE_CURVE('',#4425,#4279,#4427,.T.);
#4425 = VERTEX_POINT('',#4426);
#4426 = CARTESIAN_POINT('',(12.5,2.74,-2.958744360626E-16));
#4427 = LINE('',#4428,#4429);
#4428 = CARTESIAN_POINT('',(12.5,2.74,-3.652633751017E-16));
#4429 = VECTOR('',#4430,1.);
#4430 = DIRECTION('',(-0.57735026919,0.57735026919,0.57735026919));
#4431 = ORIENTED_EDGE('',*,*,#4295,.T.);
#4432 = ORIENTED_EDGE('',*,*,#4309,.T.);
#4433 = ORIENTED_EDGE('',*,*,#4434,.F.);
#4434 = EDGE_CURVE('',#4425,#4310,#4435,.T.);
#4435 = LINE('',#4436,#4437);
#4436 = CARTESIAN_POINT('',(12.5,2.94,-2.819966482548E-16));
#4437 = VECTOR('',#4438,1.);
#4438 = DIRECTION('',(0.,-1.,0.));
#4439 = PLANE('',#4440);
#4440 = AXIS2_PLACEMENT_3D('',#4441,#4442,#4443);
#4441 = CARTESIAN_POINT('',(12.4,2.94,1.E-01));
#4442 = DIRECTION('',(-0.707106781187,0.,-0.707106781187));
#4443 = DIRECTION('',(0.,1.,0.));
#4444 = ADVANCED_FACE('',(#4445),#4463,.F.);
#4445 = FACE_BOUND('',#4446,.T.);
#4446 = EDGE_LOOP('',(#4447,#4455,#4456,#4457));
#4447 = ORIENTED_EDGE('',*,*,#4448,.F.);
#4448 = EDGE_CURVE('',#4281,#4449,#4451,.T.);
#4449 = VERTEX_POINT('',#4450);
#4450 = CARTESIAN_POINT('',(12.5,2.74,12.));
#4451 = LINE('',#4452,#4453);
#4452 = CARTESIAN_POINT('',(12.5,2.74,12.));
#4453 = VECTOR('',#4454,1.);
#4454 = DIRECTION('',(0.57735026919,-0.57735026919,0.57735026919));
#4455 = ORIENTED_EDGE('',*,*,#4288,.T.);
#4456 = ORIENTED_EDGE('',*,*,#4340,.T.);
#4457 = ORIENTED_EDGE('',*,*,#4458,.F.);
#4458 = EDGE_CURVE('',#4449,#4341,#4459,.T.);
#4459 = LINE('',#4460,#4461);
#4460 = CARTESIAN_POINT('',(12.5,2.94,12.));
#4461 = VECTOR('',#4462,1.);
#4462 = DIRECTION('',(0.,-1.,0.));
#4463 = PLANE('',#4464);
#4464 = AXIS2_PLACEMENT_3D('',#4465,#4466,#4467);
#4465 = CARTESIAN_POINT('',(12.4,2.94,11.9));
#4466 = DIRECTION('',(0.707106781187,-1.735417226645E-18,-0.707106781187
    ));
#4467 = DIRECTION('',(1.227125289148E-18,1.,-1.227125289148E-18));
#4468 = ADVANCED_FACE('',(#4469),#4487,.F.);
#4469 = FACE_BOUND('',#4470,.F.);
#4470 = EDGE_LOOP('',(#4471,#4472,#4480,#4486));
#4471 = ORIENTED_EDGE('',*,*,#4326,.T.);
#4472 = ORIENTED_EDGE('',*,*,#4473,.T.);
#4473 = EDGE_CURVE('',#4319,#4474,#4476,.T.);
#4474 = VERTEX_POINT('',#4475);
#4475 = CARTESIAN_POINT('',(12.9,2.74,-2.958744360626E-16));
#4476 = LINE('',#4477,#4478);
#4477 = CARTESIAN_POINT('',(12.9,2.14,-2.819966482548E-16));
#4478 = VECTOR('',#4479,1.);
#4479 = DIRECTION('',(0.,1.,0.));
#4480 = ORIENTED_EDGE('',*,*,#4481,.T.);
#4481 = EDGE_CURVE('',#4474,#4425,#4482,.T.);
#4482 = LINE('',#4483,#4484);
#4483 = CARTESIAN_POINT('',(13.1,2.74,-2.819966482548E-16));
#4484 = VECTOR('',#4485,1.);
#4485 = DIRECTION('',(-1.,0.,0.));
#4486 = ORIENTED_EDGE('',*,*,#4434,.T.);
#4487 = PLANE('',#4488);
#4488 = AXIS2_PLACEMENT_3D('',#4489,#4490,#4491);
#4489 = CARTESIAN_POINT('',(12.7,2.54,-2.819966482548E-16));
#4490 = DIRECTION('',(0.,0.,1.));
#4491 = DIRECTION('',(1.,0.,0.));
#4492 = ADVANCED_FACE('',(#4493),#4504,.T.);
#4493 = FACE_BOUND('',#4494,.T.);
#4494 = EDGE_LOOP('',(#4495,#4496,#4497,#4503));
#4495 = ORIENTED_EDGE('',*,*,#4318,.T.);
#4496 = ORIENTED_EDGE('',*,*,#4473,.T.);
#4497 = ORIENTED_EDGE('',*,*,#4498,.T.);
#4498 = EDGE_CURVE('',#4474,#4381,#4499,.T.);
#4499 = LINE('',#4500,#4501);
#4500 = CARTESIAN_POINT('',(12.9,2.74,-3.652633751017E-16));
#4501 = VECTOR('',#4502,1.);
#4502 = DIRECTION('',(0.57735026919,0.57735026919,0.57735026919));
#4503 = ORIENTED_EDGE('',*,*,#4388,.F.);
#4504 = PLANE('',#4505);
#4505 = AXIS2_PLACEMENT_3D('',#4506,#4507,#4508);
#4506 = CARTESIAN_POINT('',(13.,2.14,1.E-01));
#4507 = DIRECTION('',(0.707106781187,0.,-0.707106781187));
#4508 = DIRECTION('',(0.,1.,0.));
#4509 = ADVANCED_FACE('',(#4510),#4528,.T.);
#4510 = FACE_BOUND('',#4511,.T.);
#4511 = EDGE_LOOP('',(#4512,#4513,#4521,#4527));
#4512 = ORIENTED_EDGE('',*,*,#4357,.T.);
#4513 = ORIENTED_EDGE('',*,*,#4514,.T.);
#4514 = EDGE_CURVE('',#4350,#4515,#4517,.T.);
#4515 = VERTEX_POINT('',#4516);
#4516 = CARTESIAN_POINT('',(12.9,2.74,12.));
#4517 = LINE('',#4518,#4519);
#4518 = CARTESIAN_POINT('',(12.9,2.14,12.));
#4519 = VECTOR('',#4520,1.);
#4520 = DIRECTION('',(0.,1.,0.));
#4521 = ORIENTED_EDGE('',*,*,#4522,.T.);
#4522 = EDGE_CURVE('',#4515,#4449,#4523,.T.);
#4523 = LINE('',#4524,#4525);
#4524 = CARTESIAN_POINT('',(13.1,2.74,12.));
#4525 = VECTOR('',#4526,1.);
#4526 = DIRECTION('',(-1.,0.,0.));
#4527 = ORIENTED_EDGE('',*,*,#4458,.T.);
#4528 = PLANE('',#4529);
#4529 = AXIS2_PLACEMENT_3D('',#4530,#4531,#4532);
#4530 = CARTESIAN_POINT('',(12.7,2.54,12.));
#4531 = DIRECTION('',(0.,0.,1.));
#4532 = DIRECTION('',(1.,0.,0.));
#4533 = ADVANCED_FACE('',(#4534),#4545,.F.);
#4534 = FACE_BOUND('',#4535,.T.);
#4535 = EDGE_LOOP('',(#4536,#4537,#4538,#4544));
#4536 = ORIENTED_EDGE('',*,*,#4349,.F.);
#4537 = ORIENTED_EDGE('',*,*,#4372,.T.);
#4538 = ORIENTED_EDGE('',*,*,#4539,.T.);
#4539 = EDGE_CURVE('',#4373,#4515,#4540,.T.);
#4540 = LINE('',#4541,#4542);
#4541 = CARTESIAN_POINT('',(12.9,2.74,12.));
#4542 = VECTOR('',#4543,1.);
#4543 = DIRECTION('',(-0.57735026919,-0.57735026919,0.57735026919));
#4544 = ORIENTED_EDGE('',*,*,#4514,.F.);
#4545 = PLANE('',#4546);
#4546 = AXIS2_PLACEMENT_3D('',#4547,#4548,#4549);
#4547 = CARTESIAN_POINT('',(13.,2.14,11.9));
#4548 = DIRECTION('',(-0.707106781187,1.735417226645E-18,-0.707106781187
    ));
#4549 = DIRECTION('',(-1.227125289148E-18,-1.,-1.227125289148E-18));
#4550 = ADVANCED_FACE('',(#4551),#4557,.T.);
#4551 = FACE_BOUND('',#4552,.T.);
#4552 = EDGE_LOOP('',(#4553,#4554,#4555,#4556));
#4553 = ORIENTED_EDGE('',*,*,#4498,.F.);
#4554 = ORIENTED_EDGE('',*,*,#4481,.T.);
#4555 = ORIENTED_EDGE('',*,*,#4424,.T.);
#4556 = ORIENTED_EDGE('',*,*,#4410,.F.);
#4557 = PLANE('',#4558);
#4558 = AXIS2_PLACEMENT_3D('',#4559,#4560,#4561);
#4559 = CARTESIAN_POINT('',(13.1,2.84,1.E-01));
#4560 = DIRECTION('',(0.,0.707106781187,-0.707106781187));
#4561 = DIRECTION('',(-1.,0.,0.));
#4562 = ADVANCED_FACE('',(#4563),#4569,.F.);
#4563 = FACE_BOUND('',#4564,.T.);
#4564 = EDGE_LOOP('',(#4565,#4566,#4567,#4568));
#4565 = ORIENTED_EDGE('',*,*,#4539,.F.);
#4566 = ORIENTED_EDGE('',*,*,#4403,.T.);
#4567 = ORIENTED_EDGE('',*,*,#4448,.T.);
#4568 = ORIENTED_EDGE('',*,*,#4522,.F.);
#4569 = PLANE('',#4570);
#4570 = AXIS2_PLACEMENT_3D('',#4571,#4572,#4573);
#4571 = CARTESIAN_POINT('',(13.1,2.84,11.9));
#4572 = DIRECTION('',(-1.735417226645E-18,-0.707106781187,
    -0.707106781187));
#4573 = DIRECTION('',(1.,-1.227125289148E-18,-1.227125289148E-18));
#4574 = MANIFOLD_SOLID_BREP('',#4575);
#4575 = CLOSED_SHELL('',(#4576,#4616,#4647,#4678,#4709,#4740,#4762,#4786
    ,#4810,#4834,#4851,#4875,#4892,#4904));
#4576 = ADVANCED_FACE('',(#4577),#4611,.F.);
#4577 = FACE_BOUND('',#4578,.F.);
#4578 = EDGE_LOOP('',(#4579,#4589,#4597,#4605));
#4579 = ORIENTED_EDGE('',*,*,#4580,.T.);
#4580 = EDGE_CURVE('',#4581,#4583,#4585,.T.);
#4581 = VERTEX_POINT('',#4582);
#4582 = CARTESIAN_POINT('',(14.84,-0.4,0.2));
#4583 = VERTEX_POINT('',#4584);
#4584 = CARTESIAN_POINT('',(14.84,-0.4,11.8));
#4585 = LINE('',#4586,#4587);
#4586 = CARTESIAN_POINT('',(14.84,-0.4,0.));
#4587 = VECTOR('',#4588,1.);
#4588 = DIRECTION('',(0.,0.,1.));
#4589 = ORIENTED_EDGE('',*,*,#4590,.T.);
#4590 = EDGE_CURVE('',#4583,#4591,#4593,.T.);
#4591 = VERTEX_POINT('',#4592);
#4592 = CARTESIAN_POINT('',(15.64,-0.4,11.8));
#4593 = LINE('',#4594,#4595);
#4594 = CARTESIAN_POINT('',(14.84,-0.4,11.8));
#4595 = VECTOR('',#4596,1.);
#4596 = DIRECTION('',(1.,0.,0.));
#4597 = ORIENTED_EDGE('',*,*,#4598,.F.);
#4598 = EDGE_CURVE('',#4599,#4591,#4601,.T.);
#4599 = VERTEX_POINT('',#4600);
#4600 = CARTESIAN_POINT('',(15.64,-0.4,0.2));
#4601 = LINE('',#4602,#4603);
#4602 = CARTESIAN_POINT('',(15.64,-0.4,0.));
#4603 = VECTOR('',#4604,1.);
#4604 = DIRECTION('',(0.,0.,1.));
#4605 = ORIENTED_EDGE('',*,*,#4606,.F.);
#4606 = EDGE_CURVE('',#4581,#4599,#4607,.T.);
#4607 = LINE('',#4608,#4609);
#4608 = CARTESIAN_POINT('',(14.84,-0.4,0.2));
#4609 = VECTOR('',#4610,1.);
#4610 = DIRECTION('',(1.,0.,0.));
#4611 = PLANE('',#4612);
#4612 = AXIS2_PLACEMENT_3D('',#4613,#4614,#4615);
#4613 = CARTESIAN_POINT('',(14.84,-0.4,0.));
#4614 = DIRECTION('',(0.,1.,0.));
#4615 = DIRECTION('',(1.,0.,0.));
#4616 = ADVANCED_FACE('',(#4617),#4642,.F.);
#4617 = FACE_BOUND('',#4618,.F.);
#4618 = EDGE_LOOP('',(#4619,#4629,#4635,#4636));
#4619 = ORIENTED_EDGE('',*,*,#4620,.T.);
#4620 = EDGE_CURVE('',#4621,#4623,#4625,.T.);
#4621 = VERTEX_POINT('',#4622);
#4622 = CARTESIAN_POINT('',(14.84,0.4,0.2));
#4623 = VERTEX_POINT('',#4624);
#4624 = CARTESIAN_POINT('',(14.84,0.4,11.8));
#4625 = LINE('',#4626,#4627);
#4626 = CARTESIAN_POINT('',(14.84,0.4,0.));
#4627 = VECTOR('',#4628,1.);
#4628 = DIRECTION('',(0.,0.,1.));
#4629 = ORIENTED_EDGE('',*,*,#4630,.T.);
#4630 = EDGE_CURVE('',#4623,#4583,#4631,.T.);
#4631 = LINE('',#4632,#4633);
#4632 = CARTESIAN_POINT('',(14.84,0.4,11.8));
#4633 = VECTOR('',#4634,1.);
#4634 = DIRECTION('',(0.,-1.,0.));
#4635 = ORIENTED_EDGE('',*,*,#4580,.F.);
#4636 = ORIENTED_EDGE('',*,*,#4637,.F.);
#4637 = EDGE_CURVE('',#4621,#4581,#4638,.T.);
#4638 = LINE('',#4639,#4640);
#4639 = CARTESIAN_POINT('',(14.84,0.4,0.2));
#4640 = VECTOR('',#4641,1.);
#4641 = DIRECTION('',(0.,-1.,0.));
#4642 = PLANE('',#4643);
#4643 = AXIS2_PLACEMENT_3D('',#4644,#4645,#4646);
#4644 = CARTESIAN_POINT('',(14.84,0.4,0.));
#4645 = DIRECTION('',(1.,0.,0.));
#4646 = DIRECTION('',(0.,-1.,0.));
#4647 = ADVANCED_FACE('',(#4648),#4673,.T.);
#4648 = FACE_BOUND('',#4649,.F.);
#4649 = EDGE_LOOP('',(#4650,#4658,#4659,#4667));
#4650 = ORIENTED_EDGE('',*,*,#4651,.F.);
#4651 = EDGE_CURVE('',#4581,#4652,#4654,.T.);
#4652 = VERTEX_POINT('',#4653);
#4653 = CARTESIAN_POINT('',(15.04,-0.2,-1.387778780781E-17));
#4654 = LINE('',#4655,#4656);
#4655 = CARTESIAN_POINT('',(15.04,-0.2,-8.326672684689E-17));
#4656 = VECTOR('',#4657,1.);
#4657 = DIRECTION('',(0.57735026919,0.57735026919,-0.57735026919));
#4658 = ORIENTED_EDGE('',*,*,#4606,.T.);
#4659 = ORIENTED_EDGE('',*,*,#4660,.T.);
#4660 = EDGE_CURVE('',#4599,#4661,#4663,.T.);
#4661 = VERTEX_POINT('',#4662);
#4662 = CARTESIAN_POINT('',(15.44,-0.2,-1.387778780781E-17));
#4663 = LINE('',#4664,#4665);
#4664 = CARTESIAN_POINT('',(15.44,-0.2,-8.326672684689E-17));
#4665 = VECTOR('',#4666,1.);
#4666 = DIRECTION('',(-0.57735026919,0.57735026919,-0.57735026919));
#4667 = ORIENTED_EDGE('',*,*,#4668,.F.);
#4668 = EDGE_CURVE('',#4652,#4661,#4669,.T.);
#4669 = LINE('',#4670,#4671);
#4670 = CARTESIAN_POINT('',(14.84,-0.2,0.));
#4671 = VECTOR('',#4672,1.);
#4672 = DIRECTION('',(1.,0.,0.));
#4673 = PLANE('',#4674);
#4674 = AXIS2_PLACEMENT_3D('',#4675,#4676,#4677);
#4675 = CARTESIAN_POINT('',(14.84,-0.3,0.1));
#4676 = DIRECTION('',(0.,-0.707106781187,-0.707106781187));
#4677 = DIRECTION('',(-1.,-0.,-0.));
#4678 = ADVANCED_FACE('',(#4679),#4704,.F.);
#4679 = FACE_BOUND('',#4680,.T.);
#4680 = EDGE_LOOP('',(#4681,#4689,#4690,#4698));
#4681 = ORIENTED_EDGE('',*,*,#4682,.F.);
#4682 = EDGE_CURVE('',#4583,#4683,#4685,.T.);
#4683 = VERTEX_POINT('',#4684);
#4684 = CARTESIAN_POINT('',(15.04,-0.2,12.));
#4685 = LINE('',#4686,#4687);
#4686 = CARTESIAN_POINT('',(15.04,-0.2,12.));
#4687 = VECTOR('',#4688,1.);
#4688 = DIRECTION('',(0.57735026919,0.57735026919,0.57735026919));
#4689 = ORIENTED_EDGE('',*,*,#4590,.T.);
#4690 = ORIENTED_EDGE('',*,*,#4691,.T.);
#4691 = EDGE_CURVE('',#4591,#4692,#4694,.T.);
#4692 = VERTEX_POINT('',#4693);
#4693 = CARTESIAN_POINT('',(15.44,-0.2,12.));
#4694 = LINE('',#4695,#4696);
#4695 = CARTESIAN_POINT('',(15.44,-0.2,12.));
#4696 = VECTOR('',#4697,1.);
#4697 = DIRECTION('',(-0.57735026919,0.57735026919,0.57735026919));
#4698 = ORIENTED_EDGE('',*,*,#4699,.F.);
#4699 = EDGE_CURVE('',#4683,#4692,#4700,.T.);
#4700 = LINE('',#4701,#4702);
#4701 = CARTESIAN_POINT('',(14.84,-0.2,12.));
#4702 = VECTOR('',#4703,1.);
#4703 = DIRECTION('',(1.,0.,0.));
#4704 = PLANE('',#4705);
#4705 = AXIS2_PLACEMENT_3D('',#4706,#4707,#4708);
#4706 = CARTESIAN_POINT('',(14.84,-0.3,11.9));
#4707 = DIRECTION('',(1.735417226645E-18,0.707106781187,-0.707106781187)
  );
#4708 = DIRECTION('',(-1.,1.227125289148E-18,-1.227125289148E-18));
#4709 = ADVANCED_FACE('',(#4710),#4735,.F.);
#4710 = FACE_BOUND('',#4711,.F.);
#4711 = EDGE_LOOP('',(#4712,#4713,#4721,#4729));
#4712 = ORIENTED_EDGE('',*,*,#4598,.T.);
#4713 = ORIENTED_EDGE('',*,*,#4714,.T.);
#4714 = EDGE_CURVE('',#4591,#4715,#4717,.T.);
#4715 = VERTEX_POINT('',#4716);
#4716 = CARTESIAN_POINT('',(15.64,0.4,11.8));
#4717 = LINE('',#4718,#4719);
#4718 = CARTESIAN_POINT('',(15.64,-0.4,11.8));
#4719 = VECTOR('',#4720,1.);
#4720 = DIRECTION('',(0.,1.,0.));
#4721 = ORIENTED_EDGE('',*,*,#4722,.F.);
#4722 = EDGE_CURVE('',#4723,#4715,#4725,.T.);
#4723 = VERTEX_POINT('',#4724);
#4724 = CARTESIAN_POINT('',(15.64,0.4,0.2));
#4725 = LINE('',#4726,#4727);
#4726 = CARTESIAN_POINT('',(15.64,0.4,0.));
#4727 = VECTOR('',#4728,1.);
#4728 = DIRECTION('',(0.,0.,1.));
#4729 = ORIENTED_EDGE('',*,*,#4730,.F.);
#4730 = EDGE_CURVE('',#4599,#4723,#4731,.T.);
#4731 = LINE('',#4732,#4733);
#4732 = CARTESIAN_POINT('',(15.64,-0.4,0.2));
#4733 = VECTOR('',#4734,1.);
#4734 = DIRECTION('',(0.,1.,0.));
#4735 = PLANE('',#4736);
#4736 = AXIS2_PLACEMENT_3D('',#4737,#4738,#4739);
#4737 = CARTESIAN_POINT('',(15.64,-0.4,0.));
#4738 = DIRECTION('',(-1.,0.,0.));
#4739 = DIRECTION('',(0.,1.,0.));
#4740 = ADVANCED_FACE('',(#4741),#4757,.F.);
#4741 = FACE_BOUND('',#4742,.F.);
#4742 = EDGE_LOOP('',(#4743,#4744,#4750,#4751));
#4743 = ORIENTED_EDGE('',*,*,#4722,.T.);
#4744 = ORIENTED_EDGE('',*,*,#4745,.T.);
#4745 = EDGE_CURVE('',#4715,#4623,#4746,.T.);
#4746 = LINE('',#4747,#4748);
#4747 = CARTESIAN_POINT('',(15.64,0.4,11.8));
#4748 = VECTOR('',#4749,1.);
#4749 = DIRECTION('',(-1.,0.,0.));
#4750 = ORIENTED_EDGE('',*,*,#4620,.F.);
#4751 = ORIENTED_EDGE('',*,*,#4752,.F.);
#4752 = EDGE_CURVE('',#4723,#4621,#4753,.T.);
#4753 = LINE('',#4754,#4755);
#4754 = CARTESIAN_POINT('',(15.64,0.4,0.2));
#4755 = VECTOR('',#4756,1.);
#4756 = DIRECTION('',(-1.,0.,0.));
#4757 = PLANE('',#4758);
#4758 = AXIS2_PLACEMENT_3D('',#4759,#4760,#4761);
#4759 = CARTESIAN_POINT('',(15.64,0.4,0.));
#4760 = DIRECTION('',(0.,-1.,0.));
#4761 = DIRECTION('',(-1.,0.,0.));
#4762 = ADVANCED_FACE('',(#4763),#4781,.T.);
#4763 = FACE_BOUND('',#4764,.F.);
#4764 = EDGE_LOOP('',(#4765,#4773,#4774,#4775));
#4765 = ORIENTED_EDGE('',*,*,#4766,.T.);
#4766 = EDGE_CURVE('',#4767,#4621,#4769,.T.);
#4767 = VERTEX_POINT('',#4768);
#4768 = CARTESIAN_POINT('',(15.04,0.2,-1.387778780781E-17));
#4769 = LINE('',#4770,#4771);
#4770 = CARTESIAN_POINT('',(15.04,0.2,-8.326672684689E-17));
#4771 = VECTOR('',#4772,1.);
#4772 = DIRECTION('',(-0.57735026919,0.57735026919,0.57735026919));
#4773 = ORIENTED_EDGE('',*,*,#4637,.T.);
#4774 = ORIENTED_EDGE('',*,*,#4651,.T.);
#4775 = ORIENTED_EDGE('',*,*,#4776,.F.);
#4776 = EDGE_CURVE('',#4767,#4652,#4777,.T.);
#4777 = LINE('',#4778,#4779);
#4778 = CARTESIAN_POINT('',(15.04,0.4,0.));
#4779 = VECTOR('',#4780,1.);
#4780 = DIRECTION('',(0.,-1.,0.));
#4781 = PLANE('',#4782);
#4782 = AXIS2_PLACEMENT_3D('',#4783,#4784,#4785);
#4783 = CARTESIAN_POINT('',(14.94,0.4,0.1));
#4784 = DIRECTION('',(-0.707106781187,0.,-0.707106781187));
#4785 = DIRECTION('',(0.,1.,0.));
#4786 = ADVANCED_FACE('',(#4787),#4805,.F.);
#4787 = FACE_BOUND('',#4788,.T.);
#4788 = EDGE_LOOP('',(#4789,#4797,#4798,#4799));
#4789 = ORIENTED_EDGE('',*,*,#4790,.F.);
#4790 = EDGE_CURVE('',#4623,#4791,#4793,.T.);
#4791 = VERTEX_POINT('',#4792);
#4792 = CARTESIAN_POINT('',(15.04,0.2,12.));
#4793 = LINE('',#4794,#4795);
#4794 = CARTESIAN_POINT('',(15.04,0.2,12.));
#4795 = VECTOR('',#4796,1.);
#4796 = DIRECTION('',(0.57735026919,-0.57735026919,0.57735026919));
#4797 = ORIENTED_EDGE('',*,*,#4630,.T.);
#4798 = ORIENTED_EDGE('',*,*,#4682,.T.);
#4799 = ORIENTED_EDGE('',*,*,#4800,.F.);
#4800 = EDGE_CURVE('',#4791,#4683,#4801,.T.);
#4801 = LINE('',#4802,#4803);
#4802 = CARTESIAN_POINT('',(15.04,0.4,12.));
#4803 = VECTOR('',#4804,1.);
#4804 = DIRECTION('',(0.,-1.,0.));
#4805 = PLANE('',#4806);
#4806 = AXIS2_PLACEMENT_3D('',#4807,#4808,#4809);
#4807 = CARTESIAN_POINT('',(14.94,0.4,11.9));
#4808 = DIRECTION('',(0.707106781187,-1.735417226645E-18,-0.707106781187
    ));
#4809 = DIRECTION('',(1.227125289148E-18,1.,-1.227125289148E-18));
#4810 = ADVANCED_FACE('',(#4811),#4829,.F.);
#4811 = FACE_BOUND('',#4812,.F.);
#4812 = EDGE_LOOP('',(#4813,#4814,#4822,#4828));
#4813 = ORIENTED_EDGE('',*,*,#4668,.T.);
#4814 = ORIENTED_EDGE('',*,*,#4815,.T.);
#4815 = EDGE_CURVE('',#4661,#4816,#4818,.T.);
#4816 = VERTEX_POINT('',#4817);
#4817 = CARTESIAN_POINT('',(15.44,0.2,-1.387778780781E-17));
#4818 = LINE('',#4819,#4820);
#4819 = CARTESIAN_POINT('',(15.44,-0.4,0.));
#4820 = VECTOR('',#4821,1.);
#4821 = DIRECTION('',(0.,1.,0.));
#4822 = ORIENTED_EDGE('',*,*,#4823,.T.);
#4823 = EDGE_CURVE('',#4816,#4767,#4824,.T.);
#4824 = LINE('',#4825,#4826);
#4825 = CARTESIAN_POINT('',(15.64,0.2,0.));
#4826 = VECTOR('',#4827,1.);
#4827 = DIRECTION('',(-1.,0.,0.));
#4828 = ORIENTED_EDGE('',*,*,#4776,.T.);
#4829 = PLANE('',#4830);
#4830 = AXIS2_PLACEMENT_3D('',#4831,#4832,#4833);
#4831 = CARTESIAN_POINT('',(15.24,0.,0.));
#4832 = DIRECTION('',(0.,0.,1.));
#4833 = DIRECTION('',(1.,0.,0.));
#4834 = ADVANCED_FACE('',(#4835),#4846,.T.);
#4835 = FACE_BOUND('',#4836,.T.);
#4836 = EDGE_LOOP('',(#4837,#4838,#4839,#4845));
#4837 = ORIENTED_EDGE('',*,*,#4660,.T.);
#4838 = ORIENTED_EDGE('',*,*,#4815,.T.);
#4839 = ORIENTED_EDGE('',*,*,#4840,.T.);
#4840 = EDGE_CURVE('',#4816,#4723,#4841,.T.);
#4841 = LINE('',#4842,#4843);
#4842 = CARTESIAN_POINT('',(15.44,0.2,-8.326672684689E-17));
#4843 = VECTOR('',#4844,1.);
#4844 = DIRECTION('',(0.57735026919,0.57735026919,0.57735026919));
#4845 = ORIENTED_EDGE('',*,*,#4730,.F.);
#4846 = PLANE('',#4847);
#4847 = AXIS2_PLACEMENT_3D('',#4848,#4849,#4850);
#4848 = CARTESIAN_POINT('',(15.54,-0.4,0.1));
#4849 = DIRECTION('',(0.707106781187,0.,-0.707106781187));
#4850 = DIRECTION('',(0.,1.,0.));
#4851 = ADVANCED_FACE('',(#4852),#4870,.T.);
#4852 = FACE_BOUND('',#4853,.T.);
#4853 = EDGE_LOOP('',(#4854,#4855,#4863,#4869));
#4854 = ORIENTED_EDGE('',*,*,#4699,.T.);
#4855 = ORIENTED_EDGE('',*,*,#4856,.T.);
#4856 = EDGE_CURVE('',#4692,#4857,#4859,.T.);
#4857 = VERTEX_POINT('',#4858);
#4858 = CARTESIAN_POINT('',(15.44,0.2,12.));
#4859 = LINE('',#4860,#4861);
#4860 = CARTESIAN_POINT('',(15.44,-0.4,12.));
#4861 = VECTOR('',#4862,1.);
#4862 = DIRECTION('',(0.,1.,0.));
#4863 = ORIENTED_EDGE('',*,*,#4864,.T.);
#4864 = EDGE_CURVE('',#4857,#4791,#4865,.T.);
#4865 = LINE('',#4866,#4867);
#4866 = CARTESIAN_POINT('',(15.64,0.2,12.));
#4867 = VECTOR('',#4868,1.);
#4868 = DIRECTION('',(-1.,0.,0.));
#4869 = ORIENTED_EDGE('',*,*,#4800,.T.);
#4870 = PLANE('',#4871);
#4871 = AXIS2_PLACEMENT_3D('',#4872,#4873,#4874);
#4872 = CARTESIAN_POINT('',(15.24,0.,12.));
#4873 = DIRECTION('',(0.,0.,1.));
#4874 = DIRECTION('',(1.,0.,0.));
#4875 = ADVANCED_FACE('',(#4876),#4887,.F.);
#4876 = FACE_BOUND('',#4877,.T.);
#4877 = EDGE_LOOP('',(#4878,#4879,#4880,#4886));
#4878 = ORIENTED_EDGE('',*,*,#4691,.F.);
#4879 = ORIENTED_EDGE('',*,*,#4714,.T.);
#4880 = ORIENTED_EDGE('',*,*,#4881,.T.);
#4881 = EDGE_CURVE('',#4715,#4857,#4882,.T.);
#4882 = LINE('',#4883,#4884);
#4883 = CARTESIAN_POINT('',(15.44,0.2,12.));
#4884 = VECTOR('',#4885,1.);
#4885 = DIRECTION('',(-0.57735026919,-0.57735026919,0.57735026919));
#4886 = ORIENTED_EDGE('',*,*,#4856,.F.);
#4887 = PLANE('',#4888);
#4888 = AXIS2_PLACEMENT_3D('',#4889,#4890,#4891);
#4889 = CARTESIAN_POINT('',(15.54,-0.4,11.9));
#4890 = DIRECTION('',(-0.707106781187,1.735417226645E-18,-0.707106781187
    ));
#4891 = DIRECTION('',(-1.227125289148E-18,-1.,-1.227125289148E-18));
#4892 = ADVANCED_FACE('',(#4893),#4899,.T.);
#4893 = FACE_BOUND('',#4894,.T.);
#4894 = EDGE_LOOP('',(#4895,#4896,#4897,#4898));
#4895 = ORIENTED_EDGE('',*,*,#4840,.F.);
#4896 = ORIENTED_EDGE('',*,*,#4823,.T.);
#4897 = ORIENTED_EDGE('',*,*,#4766,.T.);
#4898 = ORIENTED_EDGE('',*,*,#4752,.F.);
#4899 = PLANE('',#4900);
#4900 = AXIS2_PLACEMENT_3D('',#4901,#4902,#4903);
#4901 = CARTESIAN_POINT('',(15.64,0.3,0.1));
#4902 = DIRECTION('',(0.,0.707106781187,-0.707106781187));
#4903 = DIRECTION('',(-1.,0.,0.));
#4904 = ADVANCED_FACE('',(#4905),#4911,.F.);
#4905 = FACE_BOUND('',#4906,.T.);
#4906 = EDGE_LOOP('',(#4907,#4908,#4909,#4910));
#4907 = ORIENTED_EDGE('',*,*,#4881,.F.);
#4908 = ORIENTED_EDGE('',*,*,#4745,.T.);
#4909 = ORIENTED_EDGE('',*,*,#4790,.T.);
#4910 = ORIENTED_EDGE('',*,*,#4864,.F.);
#4911 = PLANE('',#4912);
#4912 = AXIS2_PLACEMENT_3D('',#4913,#4914,#4915);
#4913 = CARTESIAN_POINT('',(15.64,0.3,11.9));
#4914 = DIRECTION('',(-1.735417226645E-18,-0.707106781187,
    -0.707106781187));
#4915 = DIRECTION('',(1.,-1.227125289148E-18,-1.227125289148E-18));
#4916 = MANIFOLD_SOLID_BREP('',#4917);
#4917 = CLOSED_SHELL('',(#4918,#4958,#4989,#5020,#5051,#5082,#5104,#5128
    ,#5152,#5176,#5193,#5217,#5234,#5246));
#4918 = ADVANCED_FACE('',(#4919),#4953,.F.);
#4919 = FACE_BOUND('',#4920,.F.);
#4920 = EDGE_LOOP('',(#4921,#4931,#4939,#4947));
#4921 = ORIENTED_EDGE('',*,*,#4922,.T.);
#4922 = EDGE_CURVE('',#4923,#4925,#4927,.T.);
#4923 = VERTEX_POINT('',#4924);
#4924 = CARTESIAN_POINT('',(14.84,2.14,0.2));
#4925 = VERTEX_POINT('',#4926);
#4926 = CARTESIAN_POINT('',(14.84,2.14,11.8));
#4927 = LINE('',#4928,#4929);
#4928 = CARTESIAN_POINT('',(14.84,2.14,-2.819966482548E-16));
#4929 = VECTOR('',#4930,1.);
#4930 = DIRECTION('',(0.,0.,1.));
#4931 = ORIENTED_EDGE('',*,*,#4932,.T.);
#4932 = EDGE_CURVE('',#4925,#4933,#4935,.T.);
#4933 = VERTEX_POINT('',#4934);
#4934 = CARTESIAN_POINT('',(15.64,2.14,11.8));
#4935 = LINE('',#4936,#4937);
#4936 = CARTESIAN_POINT('',(14.84,2.14,11.8));
#4937 = VECTOR('',#4938,1.);
#4938 = DIRECTION('',(1.,0.,0.));
#4939 = ORIENTED_EDGE('',*,*,#4940,.F.);
#4940 = EDGE_CURVE('',#4941,#4933,#4943,.T.);
#4941 = VERTEX_POINT('',#4942);
#4942 = CARTESIAN_POINT('',(15.64,2.14,0.2));
#4943 = LINE('',#4944,#4945);
#4944 = CARTESIAN_POINT('',(15.64,2.14,-2.819966482548E-16));
#4945 = VECTOR('',#4946,1.);
#4946 = DIRECTION('',(0.,0.,1.));
#4947 = ORIENTED_EDGE('',*,*,#4948,.F.);
#4948 = EDGE_CURVE('',#4923,#4941,#4949,.T.);
#4949 = LINE('',#4950,#4951);
#4950 = CARTESIAN_POINT('',(14.84,2.14,0.2));
#4951 = VECTOR('',#4952,1.);
#4952 = DIRECTION('',(1.,0.,0.));
#4953 = PLANE('',#4954);
#4954 = AXIS2_PLACEMENT_3D('',#4955,#4956,#4957);
#4955 = CARTESIAN_POINT('',(14.84,2.14,-2.819966482548E-16));
#4956 = DIRECTION('',(0.,1.,0.));
#4957 = DIRECTION('',(1.,0.,0.));
#4958 = ADVANCED_FACE('',(#4959),#4984,.F.);
#4959 = FACE_BOUND('',#4960,.F.);
#4960 = EDGE_LOOP('',(#4961,#4971,#4977,#4978));
#4961 = ORIENTED_EDGE('',*,*,#4962,.T.);
#4962 = EDGE_CURVE('',#4963,#4965,#4967,.T.);
#4963 = VERTEX_POINT('',#4964);
#4964 = CARTESIAN_POINT('',(14.84,2.94,0.2));
#4965 = VERTEX_POINT('',#4966);
#4966 = CARTESIAN_POINT('',(14.84,2.94,11.8));
#4967 = LINE('',#4968,#4969);
#4968 = CARTESIAN_POINT('',(14.84,2.94,-2.819966482548E-16));
#4969 = VECTOR('',#4970,1.);
#4970 = DIRECTION('',(0.,0.,1.));
#4971 = ORIENTED_EDGE('',*,*,#4972,.T.);
#4972 = EDGE_CURVE('',#4965,#4925,#4973,.T.);
#4973 = LINE('',#4974,#4975);
#4974 = CARTESIAN_POINT('',(14.84,2.94,11.8));
#4975 = VECTOR('',#4976,1.);
#4976 = DIRECTION('',(0.,-1.,0.));
#4977 = ORIENTED_EDGE('',*,*,#4922,.F.);
#4978 = ORIENTED_EDGE('',*,*,#4979,.F.);
#4979 = EDGE_CURVE('',#4963,#4923,#4980,.T.);
#4980 = LINE('',#4981,#4982);
#4981 = CARTESIAN_POINT('',(14.84,2.94,0.2));
#4982 = VECTOR('',#4983,1.);
#4983 = DIRECTION('',(0.,-1.,0.));
#4984 = PLANE('',#4985);
#4985 = AXIS2_PLACEMENT_3D('',#4986,#4987,#4988);
#4986 = CARTESIAN_POINT('',(14.84,2.94,-2.819966482548E-16));
#4987 = DIRECTION('',(1.,0.,0.));
#4988 = DIRECTION('',(0.,-1.,0.));
#4989 = ADVANCED_FACE('',(#4990),#5015,.T.);
#4990 = FACE_BOUND('',#4991,.F.);
#4991 = EDGE_LOOP('',(#4992,#5000,#5001,#5009));
#4992 = ORIENTED_EDGE('',*,*,#4993,.F.);
#4993 = EDGE_CURVE('',#4923,#4994,#4996,.T.);
#4994 = VERTEX_POINT('',#4995);
#4995 = CARTESIAN_POINT('',(15.04,2.34,-2.958744360626E-16));
#4996 = LINE('',#4997,#4998);
#4997 = CARTESIAN_POINT('',(15.04,2.34,-3.652633751017E-16));
#4998 = VECTOR('',#4999,1.);
#4999 = DIRECTION('',(0.57735026919,0.57735026919,-0.57735026919));
#5000 = ORIENTED_EDGE('',*,*,#4948,.T.);
#5001 = ORIENTED_EDGE('',*,*,#5002,.T.);
#5002 = EDGE_CURVE('',#4941,#5003,#5005,.T.);
#5003 = VERTEX_POINT('',#5004);
#5004 = CARTESIAN_POINT('',(15.44,2.34,-2.958744360626E-16));
#5005 = LINE('',#5006,#5007);
#5006 = CARTESIAN_POINT('',(15.44,2.34,-3.652633751017E-16));
#5007 = VECTOR('',#5008,1.);
#5008 = DIRECTION('',(-0.57735026919,0.57735026919,-0.57735026919));
#5009 = ORIENTED_EDGE('',*,*,#5010,.F.);
#5010 = EDGE_CURVE('',#4994,#5003,#5011,.T.);
#5011 = LINE('',#5012,#5013);
#5012 = CARTESIAN_POINT('',(14.84,2.34,-2.819966482548E-16));
#5013 = VECTOR('',#5014,1.);
#5014 = DIRECTION('',(1.,0.,0.));
#5015 = PLANE('',#5016);
#5016 = AXIS2_PLACEMENT_3D('',#5017,#5018,#5019);
#5017 = CARTESIAN_POINT('',(14.84,2.24,1.E-01));
#5018 = DIRECTION('',(0.,-0.707106781187,-0.707106781187));
#5019 = DIRECTION('',(-1.,-0.,-0.));
#5020 = ADVANCED_FACE('',(#5021),#5046,.F.);
#5021 = FACE_BOUND('',#5022,.T.);
#5022 = EDGE_LOOP('',(#5023,#5031,#5032,#5040));
#5023 = ORIENTED_EDGE('',*,*,#5024,.F.);
#5024 = EDGE_CURVE('',#4925,#5025,#5027,.T.);
#5025 = VERTEX_POINT('',#5026);
#5026 = CARTESIAN_POINT('',(15.04,2.34,12.));
#5027 = LINE('',#5028,#5029);
#5028 = CARTESIAN_POINT('',(15.04,2.34,12.));
#5029 = VECTOR('',#5030,1.);
#5030 = DIRECTION('',(0.57735026919,0.57735026919,0.57735026919));
#5031 = ORIENTED_EDGE('',*,*,#4932,.T.);
#5032 = ORIENTED_EDGE('',*,*,#5033,.T.);
#5033 = EDGE_CURVE('',#4933,#5034,#5036,.T.);
#5034 = VERTEX_POINT('',#5035);
#5035 = CARTESIAN_POINT('',(15.44,2.34,12.));
#5036 = LINE('',#5037,#5038);
#5037 = CARTESIAN_POINT('',(15.44,2.34,12.));
#5038 = VECTOR('',#5039,1.);
#5039 = DIRECTION('',(-0.57735026919,0.57735026919,0.57735026919));
#5040 = ORIENTED_EDGE('',*,*,#5041,.F.);
#5041 = EDGE_CURVE('',#5025,#5034,#5042,.T.);
#5042 = LINE('',#5043,#5044);
#5043 = CARTESIAN_POINT('',(14.84,2.34,12.));
#5044 = VECTOR('',#5045,1.);
#5045 = DIRECTION('',(1.,0.,0.));
#5046 = PLANE('',#5047);
#5047 = AXIS2_PLACEMENT_3D('',#5048,#5049,#5050);
#5048 = CARTESIAN_POINT('',(14.84,2.24,11.9));
#5049 = DIRECTION('',(1.735417226645E-18,0.707106781187,-0.707106781187)
  );
#5050 = DIRECTION('',(-1.,1.227125289148E-18,-1.227125289148E-18));
#5051 = ADVANCED_FACE('',(#5052),#5077,.F.);
#5052 = FACE_BOUND('',#5053,.F.);
#5053 = EDGE_LOOP('',(#5054,#5055,#5063,#5071));
#5054 = ORIENTED_EDGE('',*,*,#4940,.T.);
#5055 = ORIENTED_EDGE('',*,*,#5056,.T.);
#5056 = EDGE_CURVE('',#4933,#5057,#5059,.T.);
#5057 = VERTEX_POINT('',#5058);
#5058 = CARTESIAN_POINT('',(15.64,2.94,11.8));
#5059 = LINE('',#5060,#5061);
#5060 = CARTESIAN_POINT('',(15.64,2.14,11.8));
#5061 = VECTOR('',#5062,1.);
#5062 = DIRECTION('',(0.,1.,0.));
#5063 = ORIENTED_EDGE('',*,*,#5064,.F.);
#5064 = EDGE_CURVE('',#5065,#5057,#5067,.T.);
#5065 = VERTEX_POINT('',#5066);
#5066 = CARTESIAN_POINT('',(15.64,2.94,0.2));
#5067 = LINE('',#5068,#5069);
#5068 = CARTESIAN_POINT('',(15.64,2.94,-2.819966482548E-16));
#5069 = VECTOR('',#5070,1.);
#5070 = DIRECTION('',(0.,0.,1.));
#5071 = ORIENTED_EDGE('',*,*,#5072,.F.);
#5072 = EDGE_CURVE('',#4941,#5065,#5073,.T.);
#5073 = LINE('',#5074,#5075);
#5074 = CARTESIAN_POINT('',(15.64,2.14,0.2));
#5075 = VECTOR('',#5076,1.);
#5076 = DIRECTION('',(0.,1.,0.));
#5077 = PLANE('',#5078);
#5078 = AXIS2_PLACEMENT_3D('',#5079,#5080,#5081);
#5079 = CARTESIAN_POINT('',(15.64,2.14,-2.819966482548E-16));
#5080 = DIRECTION('',(-1.,0.,0.));
#5081 = DIRECTION('',(0.,1.,0.));
#5082 = ADVANCED_FACE('',(#5083),#5099,.F.);
#5083 = FACE_BOUND('',#5084,.F.);
#5084 = EDGE_LOOP('',(#5085,#5086,#5092,#5093));
#5085 = ORIENTED_EDGE('',*,*,#5064,.T.);
#5086 = ORIENTED_EDGE('',*,*,#5087,.T.);
#5087 = EDGE_CURVE('',#5057,#4965,#5088,.T.);
#5088 = LINE('',#5089,#5090);
#5089 = CARTESIAN_POINT('',(15.64,2.94,11.8));
#5090 = VECTOR('',#5091,1.);
#5091 = DIRECTION('',(-1.,0.,0.));
#5092 = ORIENTED_EDGE('',*,*,#4962,.F.);
#5093 = ORIENTED_EDGE('',*,*,#5094,.F.);
#5094 = EDGE_CURVE('',#5065,#4963,#5095,.T.);
#5095 = LINE('',#5096,#5097);
#5096 = CARTESIAN_POINT('',(15.64,2.94,0.2));
#5097 = VECTOR('',#5098,1.);
#5098 = DIRECTION('',(-1.,0.,0.));
#5099 = PLANE('',#5100);
#5100 = AXIS2_PLACEMENT_3D('',#5101,#5102,#5103);
#5101 = CARTESIAN_POINT('',(15.64,2.94,-2.819966482548E-16));
#5102 = DIRECTION('',(0.,-1.,0.));
#5103 = DIRECTION('',(-1.,0.,0.));
#5104 = ADVANCED_FACE('',(#5105),#5123,.T.);
#5105 = FACE_BOUND('',#5106,.F.);
#5106 = EDGE_LOOP('',(#5107,#5115,#5116,#5117));
#5107 = ORIENTED_EDGE('',*,*,#5108,.T.);
#5108 = EDGE_CURVE('',#5109,#4963,#5111,.T.);
#5109 = VERTEX_POINT('',#5110);
#5110 = CARTESIAN_POINT('',(15.04,2.74,-2.958744360626E-16));
#5111 = LINE('',#5112,#5113);
#5112 = CARTESIAN_POINT('',(15.04,2.74,-3.652633751017E-16));
#5113 = VECTOR('',#5114,1.);
#5114 = DIRECTION('',(-0.57735026919,0.57735026919,0.57735026919));
#5115 = ORIENTED_EDGE('',*,*,#4979,.T.);
#5116 = ORIENTED_EDGE('',*,*,#4993,.T.);
#5117 = ORIENTED_EDGE('',*,*,#5118,.F.);
#5118 = EDGE_CURVE('',#5109,#4994,#5119,.T.);
#5119 = LINE('',#5120,#5121);
#5120 = CARTESIAN_POINT('',(15.04,2.94,-2.819966482548E-16));
#5121 = VECTOR('',#5122,1.);
#5122 = DIRECTION('',(0.,-1.,0.));
#5123 = PLANE('',#5124);
#5124 = AXIS2_PLACEMENT_3D('',#5125,#5126,#5127);
#5125 = CARTESIAN_POINT('',(14.94,2.94,1.E-01));
#5126 = DIRECTION('',(-0.707106781187,0.,-0.707106781187));
#5127 = DIRECTION('',(0.,1.,0.));
#5128 = ADVANCED_FACE('',(#5129),#5147,.F.);
#5129 = FACE_BOUND('',#5130,.T.);
#5130 = EDGE_LOOP('',(#5131,#5139,#5140,#5141));
#5131 = ORIENTED_EDGE('',*,*,#5132,.F.);
#5132 = EDGE_CURVE('',#4965,#5133,#5135,.T.);
#5133 = VERTEX_POINT('',#5134);
#5134 = CARTESIAN_POINT('',(15.04,2.74,12.));
#5135 = LINE('',#5136,#5137);
#5136 = CARTESIAN_POINT('',(15.04,2.74,12.));
#5137 = VECTOR('',#5138,1.);
#5138 = DIRECTION('',(0.57735026919,-0.57735026919,0.57735026919));
#5139 = ORIENTED_EDGE('',*,*,#4972,.T.);
#5140 = ORIENTED_EDGE('',*,*,#5024,.T.);
#5141 = ORIENTED_EDGE('',*,*,#5142,.F.);
#5142 = EDGE_CURVE('',#5133,#5025,#5143,.T.);
#5143 = LINE('',#5144,#5145);
#5144 = CARTESIAN_POINT('',(15.04,2.94,12.));
#5145 = VECTOR('',#5146,1.);
#5146 = DIRECTION('',(0.,-1.,0.));
#5147 = PLANE('',#5148);
#5148 = AXIS2_PLACEMENT_3D('',#5149,#5150,#5151);
#5149 = CARTESIAN_POINT('',(14.94,2.94,11.9));
#5150 = DIRECTION('',(0.707106781187,-1.735417226645E-18,-0.707106781187
    ));
#5151 = DIRECTION('',(1.227125289148E-18,1.,-1.227125289148E-18));
#5152 = ADVANCED_FACE('',(#5153),#5171,.F.);
#5153 = FACE_BOUND('',#5154,.F.);
#5154 = EDGE_LOOP('',(#5155,#5156,#5164,#5170));
#5155 = ORIENTED_EDGE('',*,*,#5010,.T.);
#5156 = ORIENTED_EDGE('',*,*,#5157,.T.);
#5157 = EDGE_CURVE('',#5003,#5158,#5160,.T.);
#5158 = VERTEX_POINT('',#5159);
#5159 = CARTESIAN_POINT('',(15.44,2.74,-2.958744360626E-16));
#5160 = LINE('',#5161,#5162);
#5161 = CARTESIAN_POINT('',(15.44,2.14,-2.819966482548E-16));
#5162 = VECTOR('',#5163,1.);
#5163 = DIRECTION('',(0.,1.,0.));
#5164 = ORIENTED_EDGE('',*,*,#5165,.T.);
#5165 = EDGE_CURVE('',#5158,#5109,#5166,.T.);
#5166 = LINE('',#5167,#5168);
#5167 = CARTESIAN_POINT('',(15.64,2.74,-2.819966482548E-16));
#5168 = VECTOR('',#5169,1.);
#5169 = DIRECTION('',(-1.,0.,0.));
#5170 = ORIENTED_EDGE('',*,*,#5118,.T.);
#5171 = PLANE('',#5172);
#5172 = AXIS2_PLACEMENT_3D('',#5173,#5174,#5175);
#5173 = CARTESIAN_POINT('',(15.24,2.54,-2.819966482548E-16));
#5174 = DIRECTION('',(0.,0.,1.));
#5175 = DIRECTION('',(1.,0.,0.));
#5176 = ADVANCED_FACE('',(#5177),#5188,.T.);
#5177 = FACE_BOUND('',#5178,.T.);
#5178 = EDGE_LOOP('',(#5179,#5180,#5181,#5187));
#5179 = ORIENTED_EDGE('',*,*,#5002,.T.);
#5180 = ORIENTED_EDGE('',*,*,#5157,.T.);
#5181 = ORIENTED_EDGE('',*,*,#5182,.T.);
#5182 = EDGE_CURVE('',#5158,#5065,#5183,.T.);
#5183 = LINE('',#5184,#5185);
#5184 = CARTESIAN_POINT('',(15.44,2.74,-3.652633751017E-16));
#5185 = VECTOR('',#5186,1.);
#5186 = DIRECTION('',(0.57735026919,0.57735026919,0.57735026919));
#5187 = ORIENTED_EDGE('',*,*,#5072,.F.);
#5188 = PLANE('',#5189);
#5189 = AXIS2_PLACEMENT_3D('',#5190,#5191,#5192);
#5190 = CARTESIAN_POINT('',(15.54,2.14,1.E-01));
#5191 = DIRECTION('',(0.707106781187,0.,-0.707106781187));
#5192 = DIRECTION('',(0.,1.,0.));
#5193 = ADVANCED_FACE('',(#5194),#5212,.T.);
#5194 = FACE_BOUND('',#5195,.T.);
#5195 = EDGE_LOOP('',(#5196,#5197,#5205,#5211));
#5196 = ORIENTED_EDGE('',*,*,#5041,.T.);
#5197 = ORIENTED_EDGE('',*,*,#5198,.T.);
#5198 = EDGE_CURVE('',#5034,#5199,#5201,.T.);
#5199 = VERTEX_POINT('',#5200);
#5200 = CARTESIAN_POINT('',(15.44,2.74,12.));
#5201 = LINE('',#5202,#5203);
#5202 = CARTESIAN_POINT('',(15.44,2.14,12.));
#5203 = VECTOR('',#5204,1.);
#5204 = DIRECTION('',(0.,1.,0.));
#5205 = ORIENTED_EDGE('',*,*,#5206,.T.);
#5206 = EDGE_CURVE('',#5199,#5133,#5207,.T.);
#5207 = LINE('',#5208,#5209);
#5208 = CARTESIAN_POINT('',(15.64,2.74,12.));
#5209 = VECTOR('',#5210,1.);
#5210 = DIRECTION('',(-1.,0.,0.));
#5211 = ORIENTED_EDGE('',*,*,#5142,.T.);
#5212 = PLANE('',#5213);
#5213 = AXIS2_PLACEMENT_3D('',#5214,#5215,#5216);
#5214 = CARTESIAN_POINT('',(15.24,2.54,12.));
#5215 = DIRECTION('',(0.,0.,1.));
#5216 = DIRECTION('',(1.,0.,0.));
#5217 = ADVANCED_FACE('',(#5218),#5229,.F.);
#5218 = FACE_BOUND('',#5219,.T.);
#5219 = EDGE_LOOP('',(#5220,#5221,#5222,#5228));
#5220 = ORIENTED_EDGE('',*,*,#5033,.F.);
#5221 = ORIENTED_EDGE('',*,*,#5056,.T.);
#5222 = ORIENTED_EDGE('',*,*,#5223,.T.);
#5223 = EDGE_CURVE('',#5057,#5199,#5224,.T.);
#5224 = LINE('',#5225,#5226);
#5225 = CARTESIAN_POINT('',(15.44,2.74,12.));
#5226 = VECTOR('',#5227,1.);
#5227 = DIRECTION('',(-0.57735026919,-0.57735026919,0.57735026919));
#5228 = ORIENTED_EDGE('',*,*,#5198,.F.);
#5229 = PLANE('',#5230);
#5230 = AXIS2_PLACEMENT_3D('',#5231,#5232,#5233);
#5231 = CARTESIAN_POINT('',(15.54,2.14,11.9));
#5232 = DIRECTION('',(-0.707106781187,1.735417226645E-18,-0.707106781187
    ));
#5233 = DIRECTION('',(-1.227125289148E-18,-1.,-1.227125289148E-18));
#5234 = ADVANCED_FACE('',(#5235),#5241,.T.);
#5235 = FACE_BOUND('',#5236,.T.);
#5236 = EDGE_LOOP('',(#5237,#5238,#5239,#5240));
#5237 = ORIENTED_EDGE('',*,*,#5182,.F.);
#5238 = ORIENTED_EDGE('',*,*,#5165,.T.);
#5239 = ORIENTED_EDGE('',*,*,#5108,.T.);
#5240 = ORIENTED_EDGE('',*,*,#5094,.F.);
#5241 = PLANE('',#5242);
#5242 = AXIS2_PLACEMENT_3D('',#5243,#5244,#5245);
#5243 = CARTESIAN_POINT('',(15.64,2.84,1.E-01));
#5244 = DIRECTION('',(0.,0.707106781187,-0.707106781187));
#5245 = DIRECTION('',(-1.,0.,0.));
#5246 = ADVANCED_FACE('',(#5247),#5253,.F.);
#5247 = FACE_BOUND('',#5248,.T.);
#5248 = EDGE_LOOP('',(#5249,#5250,#5251,#5252));
#5249 = ORIENTED_EDGE('',*,*,#5223,.F.);
#5250 = ORIENTED_EDGE('',*,*,#5087,.T.);
#5251 = ORIENTED_EDGE('',*,*,#5132,.T.);
#5252 = ORIENTED_EDGE('',*,*,#5206,.F.);
#5253 = PLANE('',#5254);
#5254 = AXIS2_PLACEMENT_3D('',#5255,#5256,#5257);
#5255 = CARTESIAN_POINT('',(15.64,2.84,11.9));
#5256 = DIRECTION('',(-1.735417226645E-18,-0.707106781187,
    -0.707106781187));
#5257 = DIRECTION('',(1.,-1.227125289148E-18,-1.227125289148E-18));
#5258 = MANIFOLD_SOLID_BREP('',#5259);
#5259 = CLOSED_SHELL('',(#5260,#5300,#5331,#5362,#5393,#5424,#5446,#5470
    ,#5494,#5518,#5535,#5559,#5576,#5588));
#5260 = ADVANCED_FACE('',(#5261),#5295,.F.);
#5261 = FACE_BOUND('',#5262,.F.);
#5262 = EDGE_LOOP('',(#5263,#5273,#5281,#5289));
#5263 = ORIENTED_EDGE('',*,*,#5264,.T.);
#5264 = EDGE_CURVE('',#5265,#5267,#5269,.T.);
#5265 = VERTEX_POINT('',#5266);
#5266 = CARTESIAN_POINT('',(17.38,-0.4,0.2));
#5267 = VERTEX_POINT('',#5268);
#5268 = CARTESIAN_POINT('',(17.38,-0.4,11.8));
#5269 = LINE('',#5270,#5271);
#5270 = CARTESIAN_POINT('',(17.38,-0.4,0.));
#5271 = VECTOR('',#5272,1.);
#5272 = DIRECTION('',(0.,0.,1.));
#5273 = ORIENTED_EDGE('',*,*,#5274,.T.);
#5274 = EDGE_CURVE('',#5267,#5275,#5277,.T.);
#5275 = VERTEX_POINT('',#5276);
#5276 = CARTESIAN_POINT('',(18.18,-0.4,11.8));
#5277 = LINE('',#5278,#5279);
#5278 = CARTESIAN_POINT('',(17.38,-0.4,11.8));
#5279 = VECTOR('',#5280,1.);
#5280 = DIRECTION('',(1.,0.,0.));
#5281 = ORIENTED_EDGE('',*,*,#5282,.F.);
#5282 = EDGE_CURVE('',#5283,#5275,#5285,.T.);
#5283 = VERTEX_POINT('',#5284);
#5284 = CARTESIAN_POINT('',(18.18,-0.4,0.2));
#5285 = LINE('',#5286,#5287);
#5286 = CARTESIAN_POINT('',(18.18,-0.4,0.));
#5287 = VECTOR('',#5288,1.);
#5288 = DIRECTION('',(0.,0.,1.));
#5289 = ORIENTED_EDGE('',*,*,#5290,.F.);
#5290 = EDGE_CURVE('',#5265,#5283,#5291,.T.);
#5291 = LINE('',#5292,#5293);
#5292 = CARTESIAN_POINT('',(17.38,-0.4,0.2));
#5293 = VECTOR('',#5294,1.);
#5294 = DIRECTION('',(1.,0.,0.));
#5295 = PLANE('',#5296);
#5296 = AXIS2_PLACEMENT_3D('',#5297,#5298,#5299);
#5297 = CARTESIAN_POINT('',(17.38,-0.4,0.));
#5298 = DIRECTION('',(0.,1.,0.));
#5299 = DIRECTION('',(1.,0.,0.));
#5300 = ADVANCED_FACE('',(#5301),#5326,.F.);
#5301 = FACE_BOUND('',#5302,.F.);
#5302 = EDGE_LOOP('',(#5303,#5313,#5319,#5320));
#5303 = ORIENTED_EDGE('',*,*,#5304,.T.);
#5304 = EDGE_CURVE('',#5305,#5307,#5309,.T.);
#5305 = VERTEX_POINT('',#5306);
#5306 = CARTESIAN_POINT('',(17.38,0.4,0.2));
#5307 = VERTEX_POINT('',#5308);
#5308 = CARTESIAN_POINT('',(17.38,0.4,11.8));
#5309 = LINE('',#5310,#5311);
#5310 = CARTESIAN_POINT('',(17.38,0.4,0.));
#5311 = VECTOR('',#5312,1.);
#5312 = DIRECTION('',(0.,0.,1.));
#5313 = ORIENTED_EDGE('',*,*,#5314,.T.);
#5314 = EDGE_CURVE('',#5307,#5267,#5315,.T.);
#5315 = LINE('',#5316,#5317);
#5316 = CARTESIAN_POINT('',(17.38,0.4,11.8));
#5317 = VECTOR('',#5318,1.);
#5318 = DIRECTION('',(0.,-1.,0.));
#5319 = ORIENTED_EDGE('',*,*,#5264,.F.);
#5320 = ORIENTED_EDGE('',*,*,#5321,.F.);
#5321 = EDGE_CURVE('',#5305,#5265,#5322,.T.);
#5322 = LINE('',#5323,#5324);
#5323 = CARTESIAN_POINT('',(17.38,0.4,0.2));
#5324 = VECTOR('',#5325,1.);
#5325 = DIRECTION('',(0.,-1.,0.));
#5326 = PLANE('',#5327);
#5327 = AXIS2_PLACEMENT_3D('',#5328,#5329,#5330);
#5328 = CARTESIAN_POINT('',(17.38,0.4,0.));
#5329 = DIRECTION('',(1.,0.,0.));
#5330 = DIRECTION('',(0.,-1.,0.));
#5331 = ADVANCED_FACE('',(#5332),#5357,.T.);
#5332 = FACE_BOUND('',#5333,.F.);
#5333 = EDGE_LOOP('',(#5334,#5342,#5343,#5351));
#5334 = ORIENTED_EDGE('',*,*,#5335,.F.);
#5335 = EDGE_CURVE('',#5265,#5336,#5338,.T.);
#5336 = VERTEX_POINT('',#5337);
#5337 = CARTESIAN_POINT('',(17.58,-0.2,-1.387778780781E-17));
#5338 = LINE('',#5339,#5340);
#5339 = CARTESIAN_POINT('',(17.58,-0.2,-8.326672684689E-17));
#5340 = VECTOR('',#5341,1.);
#5341 = DIRECTION('',(0.57735026919,0.57735026919,-0.57735026919));
#5342 = ORIENTED_EDGE('',*,*,#5290,.T.);
#5343 = ORIENTED_EDGE('',*,*,#5344,.T.);
#5344 = EDGE_CURVE('',#5283,#5345,#5347,.T.);
#5345 = VERTEX_POINT('',#5346);
#5346 = CARTESIAN_POINT('',(17.98,-0.2,-1.387778780781E-17));
#5347 = LINE('',#5348,#5349);
#5348 = CARTESIAN_POINT('',(17.98,-0.2,-8.326672684689E-17));
#5349 = VECTOR('',#5350,1.);
#5350 = DIRECTION('',(-0.57735026919,0.57735026919,-0.57735026919));
#5351 = ORIENTED_EDGE('',*,*,#5352,.F.);
#5352 = EDGE_CURVE('',#5336,#5345,#5353,.T.);
#5353 = LINE('',#5354,#5355);
#5354 = CARTESIAN_POINT('',(17.38,-0.2,0.));
#5355 = VECTOR('',#5356,1.);
#5356 = DIRECTION('',(1.,0.,0.));
#5357 = PLANE('',#5358);
#5358 = AXIS2_PLACEMENT_3D('',#5359,#5360,#5361);
#5359 = CARTESIAN_POINT('',(17.38,-0.3,0.1));
#5360 = DIRECTION('',(0.,-0.707106781187,-0.707106781187));
#5361 = DIRECTION('',(-1.,-0.,-0.));
#5362 = ADVANCED_FACE('',(#5363),#5388,.F.);
#5363 = FACE_BOUND('',#5364,.T.);
#5364 = EDGE_LOOP('',(#5365,#5373,#5374,#5382));
#5365 = ORIENTED_EDGE('',*,*,#5366,.F.);
#5366 = EDGE_CURVE('',#5267,#5367,#5369,.T.);
#5367 = VERTEX_POINT('',#5368);
#5368 = CARTESIAN_POINT('',(17.58,-0.2,12.));
#5369 = LINE('',#5370,#5371);
#5370 = CARTESIAN_POINT('',(17.58,-0.2,12.));
#5371 = VECTOR('',#5372,1.);
#5372 = DIRECTION('',(0.57735026919,0.57735026919,0.57735026919));
#5373 = ORIENTED_EDGE('',*,*,#5274,.T.);
#5374 = ORIENTED_EDGE('',*,*,#5375,.T.);
#5375 = EDGE_CURVE('',#5275,#5376,#5378,.T.);
#5376 = VERTEX_POINT('',#5377);
#5377 = CARTESIAN_POINT('',(17.98,-0.2,12.));
#5378 = LINE('',#5379,#5380);
#5379 = CARTESIAN_POINT('',(17.98,-0.2,12.));
#5380 = VECTOR('',#5381,1.);
#5381 = DIRECTION('',(-0.57735026919,0.57735026919,0.57735026919));
#5382 = ORIENTED_EDGE('',*,*,#5383,.F.);
#5383 = EDGE_CURVE('',#5367,#5376,#5384,.T.);
#5384 = LINE('',#5385,#5386);
#5385 = CARTESIAN_POINT('',(17.38,-0.2,12.));
#5386 = VECTOR('',#5387,1.);
#5387 = DIRECTION('',(1.,0.,0.));
#5388 = PLANE('',#5389);
#5389 = AXIS2_PLACEMENT_3D('',#5390,#5391,#5392);
#5390 = CARTESIAN_POINT('',(17.38,-0.3,11.9));
#5391 = DIRECTION('',(1.735417226645E-18,0.707106781187,-0.707106781187)
  );
#5392 = DIRECTION('',(-1.,1.227125289148E-18,-1.227125289148E-18));
#5393 = ADVANCED_FACE('',(#5394),#5419,.F.);
#5394 = FACE_BOUND('',#5395,.F.);
#5395 = EDGE_LOOP('',(#5396,#5397,#5405,#5413));
#5396 = ORIENTED_EDGE('',*,*,#5282,.T.);
#5397 = ORIENTED_EDGE('',*,*,#5398,.T.);
#5398 = EDGE_CURVE('',#5275,#5399,#5401,.T.);
#5399 = VERTEX_POINT('',#5400);
#5400 = CARTESIAN_POINT('',(18.18,0.4,11.8));
#5401 = LINE('',#5402,#5403);
#5402 = CARTESIAN_POINT('',(18.18,-0.4,11.8));
#5403 = VECTOR('',#5404,1.);
#5404 = DIRECTION('',(0.,1.,0.));
#5405 = ORIENTED_EDGE('',*,*,#5406,.F.);
#5406 = EDGE_CURVE('',#5407,#5399,#5409,.T.);
#5407 = VERTEX_POINT('',#5408);
#5408 = CARTESIAN_POINT('',(18.18,0.4,0.2));
#5409 = LINE('',#5410,#5411);
#5410 = CARTESIAN_POINT('',(18.18,0.4,0.));
#5411 = VECTOR('',#5412,1.);
#5412 = DIRECTION('',(0.,0.,1.));
#5413 = ORIENTED_EDGE('',*,*,#5414,.F.);
#5414 = EDGE_CURVE('',#5283,#5407,#5415,.T.);
#5415 = LINE('',#5416,#5417);
#5416 = CARTESIAN_POINT('',(18.18,-0.4,0.2));
#5417 = VECTOR('',#5418,1.);
#5418 = DIRECTION('',(0.,1.,0.));
#5419 = PLANE('',#5420);
#5420 = AXIS2_PLACEMENT_3D('',#5421,#5422,#5423);
#5421 = CARTESIAN_POINT('',(18.18,-0.4,0.));
#5422 = DIRECTION('',(-1.,0.,0.));
#5423 = DIRECTION('',(0.,1.,0.));
#5424 = ADVANCED_FACE('',(#5425),#5441,.F.);
#5425 = FACE_BOUND('',#5426,.F.);
#5426 = EDGE_LOOP('',(#5427,#5428,#5434,#5435));
#5427 = ORIENTED_EDGE('',*,*,#5406,.T.);
#5428 = ORIENTED_EDGE('',*,*,#5429,.T.);
#5429 = EDGE_CURVE('',#5399,#5307,#5430,.T.);
#5430 = LINE('',#5431,#5432);
#5431 = CARTESIAN_POINT('',(18.18,0.4,11.8));
#5432 = VECTOR('',#5433,1.);
#5433 = DIRECTION('',(-1.,0.,0.));
#5434 = ORIENTED_EDGE('',*,*,#5304,.F.);
#5435 = ORIENTED_EDGE('',*,*,#5436,.F.);
#5436 = EDGE_CURVE('',#5407,#5305,#5437,.T.);
#5437 = LINE('',#5438,#5439);
#5438 = CARTESIAN_POINT('',(18.18,0.4,0.2));
#5439 = VECTOR('',#5440,1.);
#5440 = DIRECTION('',(-1.,0.,0.));
#5441 = PLANE('',#5442);
#5442 = AXIS2_PLACEMENT_3D('',#5443,#5444,#5445);
#5443 = CARTESIAN_POINT('',(18.18,0.4,0.));
#5444 = DIRECTION('',(0.,-1.,0.));
#5445 = DIRECTION('',(-1.,0.,0.));
#5446 = ADVANCED_FACE('',(#5447),#5465,.T.);
#5447 = FACE_BOUND('',#5448,.F.);
#5448 = EDGE_LOOP('',(#5449,#5457,#5458,#5459));
#5449 = ORIENTED_EDGE('',*,*,#5450,.T.);
#5450 = EDGE_CURVE('',#5451,#5305,#5453,.T.);
#5451 = VERTEX_POINT('',#5452);
#5452 = CARTESIAN_POINT('',(17.58,0.2,-1.387778780781E-17));
#5453 = LINE('',#5454,#5455);
#5454 = CARTESIAN_POINT('',(17.58,0.2,-8.326672684689E-17));
#5455 = VECTOR('',#5456,1.);
#5456 = DIRECTION('',(-0.57735026919,0.57735026919,0.57735026919));
#5457 = ORIENTED_EDGE('',*,*,#5321,.T.);
#5458 = ORIENTED_EDGE('',*,*,#5335,.T.);
#5459 = ORIENTED_EDGE('',*,*,#5460,.F.);
#5460 = EDGE_CURVE('',#5451,#5336,#5461,.T.);
#5461 = LINE('',#5462,#5463);
#5462 = CARTESIAN_POINT('',(17.58,0.4,0.));
#5463 = VECTOR('',#5464,1.);
#5464 = DIRECTION('',(0.,-1.,0.));
#5465 = PLANE('',#5466);
#5466 = AXIS2_PLACEMENT_3D('',#5467,#5468,#5469);
#5467 = CARTESIAN_POINT('',(17.48,0.4,0.1));
#5468 = DIRECTION('',(-0.707106781187,0.,-0.707106781187));
#5469 = DIRECTION('',(0.,1.,0.));
#5470 = ADVANCED_FACE('',(#5471),#5489,.F.);
#5471 = FACE_BOUND('',#5472,.T.);
#5472 = EDGE_LOOP('',(#5473,#5481,#5482,#5483));
#5473 = ORIENTED_EDGE('',*,*,#5474,.F.);
#5474 = EDGE_CURVE('',#5307,#5475,#5477,.T.);
#5475 = VERTEX_POINT('',#5476);
#5476 = CARTESIAN_POINT('',(17.58,0.2,12.));
#5477 = LINE('',#5478,#5479);
#5478 = CARTESIAN_POINT('',(17.58,0.2,12.));
#5479 = VECTOR('',#5480,1.);
#5480 = DIRECTION('',(0.57735026919,-0.57735026919,0.57735026919));
#5481 = ORIENTED_EDGE('',*,*,#5314,.T.);
#5482 = ORIENTED_EDGE('',*,*,#5366,.T.);
#5483 = ORIENTED_EDGE('',*,*,#5484,.F.);
#5484 = EDGE_CURVE('',#5475,#5367,#5485,.T.);
#5485 = LINE('',#5486,#5487);
#5486 = CARTESIAN_POINT('',(17.58,0.4,12.));
#5487 = VECTOR('',#5488,1.);
#5488 = DIRECTION('',(0.,-1.,0.));
#5489 = PLANE('',#5490);
#5490 = AXIS2_PLACEMENT_3D('',#5491,#5492,#5493);
#5491 = CARTESIAN_POINT('',(17.48,0.4,11.9));
#5492 = DIRECTION('',(0.707106781187,-1.735417226645E-18,-0.707106781187
    ));
#5493 = DIRECTION('',(1.227125289148E-18,1.,-1.227125289148E-18));
#5494 = ADVANCED_FACE('',(#5495),#5513,.F.);
#5495 = FACE_BOUND('',#5496,.F.);
#5496 = EDGE_LOOP('',(#5497,#5498,#5506,#5512));
#5497 = ORIENTED_EDGE('',*,*,#5352,.T.);
#5498 = ORIENTED_EDGE('',*,*,#5499,.T.);
#5499 = EDGE_CURVE('',#5345,#5500,#5502,.T.);
#5500 = VERTEX_POINT('',#5501);
#5501 = CARTESIAN_POINT('',(17.98,0.2,-1.387778780781E-17));
#5502 = LINE('',#5503,#5504);
#5503 = CARTESIAN_POINT('',(17.98,-0.4,0.));
#5504 = VECTOR('',#5505,1.);
#5505 = DIRECTION('',(0.,1.,0.));
#5506 = ORIENTED_EDGE('',*,*,#5507,.T.);
#5507 = EDGE_CURVE('',#5500,#5451,#5508,.T.);
#5508 = LINE('',#5509,#5510);
#5509 = CARTESIAN_POINT('',(18.18,0.2,0.));
#5510 = VECTOR('',#5511,1.);
#5511 = DIRECTION('',(-1.,0.,0.));
#5512 = ORIENTED_EDGE('',*,*,#5460,.T.);
#5513 = PLANE('',#5514);
#5514 = AXIS2_PLACEMENT_3D('',#5515,#5516,#5517);
#5515 = CARTESIAN_POINT('',(17.78,0.,0.));
#5516 = DIRECTION('',(0.,0.,1.));
#5517 = DIRECTION('',(1.,0.,0.));
#5518 = ADVANCED_FACE('',(#5519),#5530,.T.);
#5519 = FACE_BOUND('',#5520,.T.);
#5520 = EDGE_LOOP('',(#5521,#5522,#5523,#5529));
#5521 = ORIENTED_EDGE('',*,*,#5344,.T.);
#5522 = ORIENTED_EDGE('',*,*,#5499,.T.);
#5523 = ORIENTED_EDGE('',*,*,#5524,.T.);
#5524 = EDGE_CURVE('',#5500,#5407,#5525,.T.);
#5525 = LINE('',#5526,#5527);
#5526 = CARTESIAN_POINT('',(17.98,0.2,-8.326672684689E-17));
#5527 = VECTOR('',#5528,1.);
#5528 = DIRECTION('',(0.57735026919,0.57735026919,0.57735026919));
#5529 = ORIENTED_EDGE('',*,*,#5414,.F.);
#5530 = PLANE('',#5531);
#5531 = AXIS2_PLACEMENT_3D('',#5532,#5533,#5534);
#5532 = CARTESIAN_POINT('',(18.08,-0.4,0.1));
#5533 = DIRECTION('',(0.707106781187,0.,-0.707106781187));
#5534 = DIRECTION('',(0.,1.,0.));
#5535 = ADVANCED_FACE('',(#5536),#5554,.T.);
#5536 = FACE_BOUND('',#5537,.T.);
#5537 = EDGE_LOOP('',(#5538,#5539,#5547,#5553));
#5538 = ORIENTED_EDGE('',*,*,#5383,.T.);
#5539 = ORIENTED_EDGE('',*,*,#5540,.T.);
#5540 = EDGE_CURVE('',#5376,#5541,#5543,.T.);
#5541 = VERTEX_POINT('',#5542);
#5542 = CARTESIAN_POINT('',(17.98,0.2,12.));
#5543 = LINE('',#5544,#5545);
#5544 = CARTESIAN_POINT('',(17.98,-0.4,12.));
#5545 = VECTOR('',#5546,1.);
#5546 = DIRECTION('',(0.,1.,0.));
#5547 = ORIENTED_EDGE('',*,*,#5548,.T.);
#5548 = EDGE_CURVE('',#5541,#5475,#5549,.T.);
#5549 = LINE('',#5550,#5551);
#5550 = CARTESIAN_POINT('',(18.18,0.2,12.));
#5551 = VECTOR('',#5552,1.);
#5552 = DIRECTION('',(-1.,0.,0.));
#5553 = ORIENTED_EDGE('',*,*,#5484,.T.);
#5554 = PLANE('',#5555);
#5555 = AXIS2_PLACEMENT_3D('',#5556,#5557,#5558);
#5556 = CARTESIAN_POINT('',(17.78,0.,12.));
#5557 = DIRECTION('',(0.,0.,1.));
#5558 = DIRECTION('',(1.,0.,0.));
#5559 = ADVANCED_FACE('',(#5560),#5571,.F.);
#5560 = FACE_BOUND('',#5561,.T.);
#5561 = EDGE_LOOP('',(#5562,#5563,#5564,#5570));
#5562 = ORIENTED_EDGE('',*,*,#5375,.F.);
#5563 = ORIENTED_EDGE('',*,*,#5398,.T.);
#5564 = ORIENTED_EDGE('',*,*,#5565,.T.);
#5565 = EDGE_CURVE('',#5399,#5541,#5566,.T.);
#5566 = LINE('',#5567,#5568);
#5567 = CARTESIAN_POINT('',(17.98,0.2,12.));
#5568 = VECTOR('',#5569,1.);
#5569 = DIRECTION('',(-0.57735026919,-0.57735026919,0.57735026919));
#5570 = ORIENTED_EDGE('',*,*,#5540,.F.);
#5571 = PLANE('',#5572);
#5572 = AXIS2_PLACEMENT_3D('',#5573,#5574,#5575);
#5573 = CARTESIAN_POINT('',(18.08,-0.4,11.9));
#5574 = DIRECTION('',(-0.707106781187,1.735417226645E-18,-0.707106781187
    ));
#5575 = DIRECTION('',(-1.227125289148E-18,-1.,-1.227125289148E-18));
#5576 = ADVANCED_FACE('',(#5577),#5583,.T.);
#5577 = FACE_BOUND('',#5578,.T.);
#5578 = EDGE_LOOP('',(#5579,#5580,#5581,#5582));
#5579 = ORIENTED_EDGE('',*,*,#5524,.F.);
#5580 = ORIENTED_EDGE('',*,*,#5507,.T.);
#5581 = ORIENTED_EDGE('',*,*,#5450,.T.);
#5582 = ORIENTED_EDGE('',*,*,#5436,.F.);
#5583 = PLANE('',#5584);
#5584 = AXIS2_PLACEMENT_3D('',#5585,#5586,#5587);
#5585 = CARTESIAN_POINT('',(18.18,0.3,0.1));
#5586 = DIRECTION('',(0.,0.707106781187,-0.707106781187));
#5587 = DIRECTION('',(-1.,0.,0.));
#5588 = ADVANCED_FACE('',(#5589),#5595,.F.);
#5589 = FACE_BOUND('',#5590,.T.);
#5590 = EDGE_LOOP('',(#5591,#5592,#5593,#5594));
#5591 = ORIENTED_EDGE('',*,*,#5565,.F.);
#5592 = ORIENTED_EDGE('',*,*,#5429,.T.);
#5593 = ORIENTED_EDGE('',*,*,#5474,.T.);
#5594 = ORIENTED_EDGE('',*,*,#5548,.F.);
#5595 = PLANE('',#5596);
#5596 = AXIS2_PLACEMENT_3D('',#5597,#5598,#5599);
#5597 = CARTESIAN_POINT('',(18.18,0.3,11.9));
#5598 = DIRECTION('',(-1.735417226645E-18,-0.707106781187,
    -0.707106781187));
#5599 = DIRECTION('',(1.,-1.227125289148E-18,-1.227125289148E-18));
#5600 = MANIFOLD_SOLID_BREP('',#5601);
#5601 = CLOSED_SHELL('',(#5602,#5642,#5673,#5704,#5735,#5766,#5788,#5812
    ,#5836,#5860,#5877,#5901,#5918,#5930));
#5602 = ADVANCED_FACE('',(#5603),#5637,.F.);
#5603 = FACE_BOUND('',#5604,.F.);
#5604 = EDGE_LOOP('',(#5605,#5615,#5623,#5631));
#5605 = ORIENTED_EDGE('',*,*,#5606,.T.);
#5606 = EDGE_CURVE('',#5607,#5609,#5611,.T.);
#5607 = VERTEX_POINT('',#5608);
#5608 = CARTESIAN_POINT('',(17.38,2.14,0.2));
#5609 = VERTEX_POINT('',#5610);
#5610 = CARTESIAN_POINT('',(17.38,2.14,11.8));
#5611 = LINE('',#5612,#5613);
#5612 = CARTESIAN_POINT('',(17.38,2.14,-2.819966482548E-16));
#5613 = VECTOR('',#5614,1.);
#5614 = DIRECTION('',(0.,0.,1.));
#5615 = ORIENTED_EDGE('',*,*,#5616,.T.);
#5616 = EDGE_CURVE('',#5609,#5617,#5619,.T.);
#5617 = VERTEX_POINT('',#5618);
#5618 = CARTESIAN_POINT('',(18.18,2.14,11.8));
#5619 = LINE('',#5620,#5621);
#5620 = CARTESIAN_POINT('',(17.38,2.14,11.8));
#5621 = VECTOR('',#5622,1.);
#5622 = DIRECTION('',(1.,0.,0.));
#5623 = ORIENTED_EDGE('',*,*,#5624,.F.);
#5624 = EDGE_CURVE('',#5625,#5617,#5627,.T.);
#5625 = VERTEX_POINT('',#5626);
#5626 = CARTESIAN_POINT('',(18.18,2.14,0.2));
#5627 = LINE('',#5628,#5629);
#5628 = CARTESIAN_POINT('',(18.18,2.14,-2.819966482548E-16));
#5629 = VECTOR('',#5630,1.);
#5630 = DIRECTION('',(0.,0.,1.));
#5631 = ORIENTED_EDGE('',*,*,#5632,.F.);
#5632 = EDGE_CURVE('',#5607,#5625,#5633,.T.);
#5633 = LINE('',#5634,#5635);
#5634 = CARTESIAN_POINT('',(17.38,2.14,0.2));
#5635 = VECTOR('',#5636,1.);
#5636 = DIRECTION('',(1.,0.,0.));
#5637 = PLANE('',#5638);
#5638 = AXIS2_PLACEMENT_3D('',#5639,#5640,#5641);
#5639 = CARTESIAN_POINT('',(17.38,2.14,-2.819966482548E-16));
#5640 = DIRECTION('',(0.,1.,0.));
#5641 = DIRECTION('',(1.,0.,0.));
#5642 = ADVANCED_FACE('',(#5643),#5668,.F.);
#5643 = FACE_BOUND('',#5644,.F.);
#5644 = EDGE_LOOP('',(#5645,#5655,#5661,#5662));
#5645 = ORIENTED_EDGE('',*,*,#5646,.T.);
#5646 = EDGE_CURVE('',#5647,#5649,#5651,.T.);
#5647 = VERTEX_POINT('',#5648);
#5648 = CARTESIAN_POINT('',(17.38,2.94,0.2));
#5649 = VERTEX_POINT('',#5650);
#5650 = CARTESIAN_POINT('',(17.38,2.94,11.8));
#5651 = LINE('',#5652,#5653);
#5652 = CARTESIAN_POINT('',(17.38,2.94,-2.819966482548E-16));
#5653 = VECTOR('',#5654,1.);
#5654 = DIRECTION('',(0.,0.,1.));
#5655 = ORIENTED_EDGE('',*,*,#5656,.T.);
#5656 = EDGE_CURVE('',#5649,#5609,#5657,.T.);
#5657 = LINE('',#5658,#5659);
#5658 = CARTESIAN_POINT('',(17.38,2.94,11.8));
#5659 = VECTOR('',#5660,1.);
#5660 = DIRECTION('',(0.,-1.,0.));
#5661 = ORIENTED_EDGE('',*,*,#5606,.F.);
#5662 = ORIENTED_EDGE('',*,*,#5663,.F.);
#5663 = EDGE_CURVE('',#5647,#5607,#5664,.T.);
#5664 = LINE('',#5665,#5666);
#5665 = CARTESIAN_POINT('',(17.38,2.94,0.2));
#5666 = VECTOR('',#5667,1.);
#5667 = DIRECTION('',(0.,-1.,0.));
#5668 = PLANE('',#5669);
#5669 = AXIS2_PLACEMENT_3D('',#5670,#5671,#5672);
#5670 = CARTESIAN_POINT('',(17.38,2.94,-2.819966482548E-16));
#5671 = DIRECTION('',(1.,0.,0.));
#5672 = DIRECTION('',(0.,-1.,0.));
#5673 = ADVANCED_FACE('',(#5674),#5699,.T.);
#5674 = FACE_BOUND('',#5675,.F.);
#5675 = EDGE_LOOP('',(#5676,#5684,#5685,#5693));
#5676 = ORIENTED_EDGE('',*,*,#5677,.F.);
#5677 = EDGE_CURVE('',#5607,#5678,#5680,.T.);
#5678 = VERTEX_POINT('',#5679);
#5679 = CARTESIAN_POINT('',(17.58,2.34,-2.958744360626E-16));
#5680 = LINE('',#5681,#5682);
#5681 = CARTESIAN_POINT('',(17.58,2.34,-3.652633751017E-16));
#5682 = VECTOR('',#5683,1.);
#5683 = DIRECTION('',(0.57735026919,0.57735026919,-0.57735026919));
#5684 = ORIENTED_EDGE('',*,*,#5632,.T.);
#5685 = ORIENTED_EDGE('',*,*,#5686,.T.);
#5686 = EDGE_CURVE('',#5625,#5687,#5689,.T.);
#5687 = VERTEX_POINT('',#5688);
#5688 = CARTESIAN_POINT('',(17.98,2.34,-2.958744360626E-16));
#5689 = LINE('',#5690,#5691);
#5690 = CARTESIAN_POINT('',(17.98,2.34,-3.652633751017E-16));
#5691 = VECTOR('',#5692,1.);
#5692 = DIRECTION('',(-0.57735026919,0.57735026919,-0.57735026919));
#5693 = ORIENTED_EDGE('',*,*,#5694,.F.);
#5694 = EDGE_CURVE('',#5678,#5687,#5695,.T.);
#5695 = LINE('',#5696,#5697);
#5696 = CARTESIAN_POINT('',(17.38,2.34,-2.819966482548E-16));
#5697 = VECTOR('',#5698,1.);
#5698 = DIRECTION('',(1.,0.,0.));
#5699 = PLANE('',#5700);
#5700 = AXIS2_PLACEMENT_3D('',#5701,#5702,#5703);
#5701 = CARTESIAN_POINT('',(17.38,2.24,1.E-01));
#5702 = DIRECTION('',(0.,-0.707106781187,-0.707106781187));
#5703 = DIRECTION('',(-1.,-0.,-0.));
#5704 = ADVANCED_FACE('',(#5705),#5730,.F.);
#5705 = FACE_BOUND('',#5706,.T.);
#5706 = EDGE_LOOP('',(#5707,#5715,#5716,#5724));
#5707 = ORIENTED_EDGE('',*,*,#5708,.F.);
#5708 = EDGE_CURVE('',#5609,#5709,#5711,.T.);
#5709 = VERTEX_POINT('',#5710);
#5710 = CARTESIAN_POINT('',(17.58,2.34,12.));
#5711 = LINE('',#5712,#5713);
#5712 = CARTESIAN_POINT('',(17.58,2.34,12.));
#5713 = VECTOR('',#5714,1.);
#5714 = DIRECTION('',(0.57735026919,0.57735026919,0.57735026919));
#5715 = ORIENTED_EDGE('',*,*,#5616,.T.);
#5716 = ORIENTED_EDGE('',*,*,#5717,.T.);
#5717 = EDGE_CURVE('',#5617,#5718,#5720,.T.);
#5718 = VERTEX_POINT('',#5719);
#5719 = CARTESIAN_POINT('',(17.98,2.34,12.));
#5720 = LINE('',#5721,#5722);
#5721 = CARTESIAN_POINT('',(17.98,2.34,12.));
#5722 = VECTOR('',#5723,1.);
#5723 = DIRECTION('',(-0.57735026919,0.57735026919,0.57735026919));
#5724 = ORIENTED_EDGE('',*,*,#5725,.F.);
#5725 = EDGE_CURVE('',#5709,#5718,#5726,.T.);
#5726 = LINE('',#5727,#5728);
#5727 = CARTESIAN_POINT('',(17.38,2.34,12.));
#5728 = VECTOR('',#5729,1.);
#5729 = DIRECTION('',(1.,0.,0.));
#5730 = PLANE('',#5731);
#5731 = AXIS2_PLACEMENT_3D('',#5732,#5733,#5734);
#5732 = CARTESIAN_POINT('',(17.38,2.24,11.9));
#5733 = DIRECTION('',(1.735417226645E-18,0.707106781187,-0.707106781187)
  );
#5734 = DIRECTION('',(-1.,1.227125289148E-18,-1.227125289148E-18));
#5735 = ADVANCED_FACE('',(#5736),#5761,.F.);
#5736 = FACE_BOUND('',#5737,.F.);
#5737 = EDGE_LOOP('',(#5738,#5739,#5747,#5755));
#5738 = ORIENTED_EDGE('',*,*,#5624,.T.);
#5739 = ORIENTED_EDGE('',*,*,#5740,.T.);
#5740 = EDGE_CURVE('',#5617,#5741,#5743,.T.);
#5741 = VERTEX_POINT('',#5742);
#5742 = CARTESIAN_POINT('',(18.18,2.94,11.8));
#5743 = LINE('',#5744,#5745);
#5744 = CARTESIAN_POINT('',(18.18,2.14,11.8));
#5745 = VECTOR('',#5746,1.);
#5746 = DIRECTION('',(0.,1.,0.));
#5747 = ORIENTED_EDGE('',*,*,#5748,.F.);
#5748 = EDGE_CURVE('',#5749,#5741,#5751,.T.);
#5749 = VERTEX_POINT('',#5750);
#5750 = CARTESIAN_POINT('',(18.18,2.94,0.2));
#5751 = LINE('',#5752,#5753);
#5752 = CARTESIAN_POINT('',(18.18,2.94,-2.819966482548E-16));
#5753 = VECTOR('',#5754,1.);
#5754 = DIRECTION('',(0.,0.,1.));
#5755 = ORIENTED_EDGE('',*,*,#5756,.F.);
#5756 = EDGE_CURVE('',#5625,#5749,#5757,.T.);
#5757 = LINE('',#5758,#5759);
#5758 = CARTESIAN_POINT('',(18.18,2.14,0.2));
#5759 = VECTOR('',#5760,1.);
#5760 = DIRECTION('',(0.,1.,0.));
#5761 = PLANE('',#5762);
#5762 = AXIS2_PLACEMENT_3D('',#5763,#5764,#5765);
#5763 = CARTESIAN_POINT('',(18.18,2.14,-2.819966482548E-16));
#5764 = DIRECTION('',(-1.,0.,0.));
#5765 = DIRECTION('',(0.,1.,0.));
#5766 = ADVANCED_FACE('',(#5767),#5783,.F.);
#5767 = FACE_BOUND('',#5768,.F.);
#5768 = EDGE_LOOP('',(#5769,#5770,#5776,#5777));
#5769 = ORIENTED_EDGE('',*,*,#5748,.T.);
#5770 = ORIENTED_EDGE('',*,*,#5771,.T.);
#5771 = EDGE_CURVE('',#5741,#5649,#5772,.T.);
#5772 = LINE('',#5773,#5774);
#5773 = CARTESIAN_POINT('',(18.18,2.94,11.8));
#5774 = VECTOR('',#5775,1.);
#5775 = DIRECTION('',(-1.,0.,0.));
#5776 = ORIENTED_EDGE('',*,*,#5646,.F.);
#5777 = ORIENTED_EDGE('',*,*,#5778,.F.);
#5778 = EDGE_CURVE('',#5749,#5647,#5779,.T.);
#5779 = LINE('',#5780,#5781);
#5780 = CARTESIAN_POINT('',(18.18,2.94,0.2));
#5781 = VECTOR('',#5782,1.);
#5782 = DIRECTION('',(-1.,0.,0.));
#5783 = PLANE('',#5784);
#5784 = AXIS2_PLACEMENT_3D('',#5785,#5786,#5787);
#5785 = CARTESIAN_POINT('',(18.18,2.94,-2.819966482548E-16));
#5786 = DIRECTION('',(0.,-1.,0.));
#5787 = DIRECTION('',(-1.,0.,0.));
#5788 = ADVANCED_FACE('',(#5789),#5807,.T.);
#5789 = FACE_BOUND('',#5790,.F.);
#5790 = EDGE_LOOP('',(#5791,#5799,#5800,#5801));
#5791 = ORIENTED_EDGE('',*,*,#5792,.T.);
#5792 = EDGE_CURVE('',#5793,#5647,#5795,.T.);
#5793 = VERTEX_POINT('',#5794);
#5794 = CARTESIAN_POINT('',(17.58,2.74,-2.958744360626E-16));
#5795 = LINE('',#5796,#5797);
#5796 = CARTESIAN_POINT('',(17.58,2.74,-3.652633751017E-16));
#5797 = VECTOR('',#5798,1.);
#5798 = DIRECTION('',(-0.57735026919,0.57735026919,0.57735026919));
#5799 = ORIENTED_EDGE('',*,*,#5663,.T.);
#5800 = ORIENTED_EDGE('',*,*,#5677,.T.);
#5801 = ORIENTED_EDGE('',*,*,#5802,.F.);
#5802 = EDGE_CURVE('',#5793,#5678,#5803,.T.);
#5803 = LINE('',#5804,#5805);
#5804 = CARTESIAN_POINT('',(17.58,2.94,-2.819966482548E-16));
#5805 = VECTOR('',#5806,1.);
#5806 = DIRECTION('',(0.,-1.,0.));
#5807 = PLANE('',#5808);
#5808 = AXIS2_PLACEMENT_3D('',#5809,#5810,#5811);
#5809 = CARTESIAN_POINT('',(17.48,2.94,1.E-01));
#5810 = DIRECTION('',(-0.707106781187,0.,-0.707106781187));
#5811 = DIRECTION('',(0.,1.,0.));
#5812 = ADVANCED_FACE('',(#5813),#5831,.F.);
#5813 = FACE_BOUND('',#5814,.T.);
#5814 = EDGE_LOOP('',(#5815,#5823,#5824,#5825));
#5815 = ORIENTED_EDGE('',*,*,#5816,.F.);
#5816 = EDGE_CURVE('',#5649,#5817,#5819,.T.);
#5817 = VERTEX_POINT('',#5818);
#5818 = CARTESIAN_POINT('',(17.58,2.74,12.));
#5819 = LINE('',#5820,#5821);
#5820 = CARTESIAN_POINT('',(17.58,2.74,12.));
#5821 = VECTOR('',#5822,1.);
#5822 = DIRECTION('',(0.57735026919,-0.57735026919,0.57735026919));
#5823 = ORIENTED_EDGE('',*,*,#5656,.T.);
#5824 = ORIENTED_EDGE('',*,*,#5708,.T.);
#5825 = ORIENTED_EDGE('',*,*,#5826,.F.);
#5826 = EDGE_CURVE('',#5817,#5709,#5827,.T.);
#5827 = LINE('',#5828,#5829);
#5828 = CARTESIAN_POINT('',(17.58,2.94,12.));
#5829 = VECTOR('',#5830,1.);
#5830 = DIRECTION('',(0.,-1.,0.));
#5831 = PLANE('',#5832);
#5832 = AXIS2_PLACEMENT_3D('',#5833,#5834,#5835);
#5833 = CARTESIAN_POINT('',(17.48,2.94,11.9));
#5834 = DIRECTION('',(0.707106781187,-1.735417226645E-18,-0.707106781187
    ));
#5835 = DIRECTION('',(1.227125289148E-18,1.,-1.227125289148E-18));
#5836 = ADVANCED_FACE('',(#5837),#5855,.F.);
#5837 = FACE_BOUND('',#5838,.F.);
#5838 = EDGE_LOOP('',(#5839,#5840,#5848,#5854));
#5839 = ORIENTED_EDGE('',*,*,#5694,.T.);
#5840 = ORIENTED_EDGE('',*,*,#5841,.T.);
#5841 = EDGE_CURVE('',#5687,#5842,#5844,.T.);
#5842 = VERTEX_POINT('',#5843);
#5843 = CARTESIAN_POINT('',(17.98,2.74,-2.958744360626E-16));
#5844 = LINE('',#5845,#5846);
#5845 = CARTESIAN_POINT('',(17.98,2.14,-2.819966482548E-16));
#5846 = VECTOR('',#5847,1.);
#5847 = DIRECTION('',(0.,1.,0.));
#5848 = ORIENTED_EDGE('',*,*,#5849,.T.);
#5849 = EDGE_CURVE('',#5842,#5793,#5850,.T.);
#5850 = LINE('',#5851,#5852);
#5851 = CARTESIAN_POINT('',(18.18,2.74,-2.819966482548E-16));
#5852 = VECTOR('',#5853,1.);
#5853 = DIRECTION('',(-1.,0.,0.));
#5854 = ORIENTED_EDGE('',*,*,#5802,.T.);
#5855 = PLANE('',#5856);
#5856 = AXIS2_PLACEMENT_3D('',#5857,#5858,#5859);
#5857 = CARTESIAN_POINT('',(17.78,2.54,-2.819966482548E-16));
#5858 = DIRECTION('',(0.,0.,1.));
#5859 = DIRECTION('',(1.,0.,0.));
#5860 = ADVANCED_FACE('',(#5861),#5872,.T.);
#5861 = FACE_BOUND('',#5862,.T.);
#5862 = EDGE_LOOP('',(#5863,#5864,#5865,#5871));
#5863 = ORIENTED_EDGE('',*,*,#5686,.T.);
#5864 = ORIENTED_EDGE('',*,*,#5841,.T.);
#5865 = ORIENTED_EDGE('',*,*,#5866,.T.);
#5866 = EDGE_CURVE('',#5842,#5749,#5867,.T.);
#5867 = LINE('',#5868,#5869);
#5868 = CARTESIAN_POINT('',(17.98,2.74,-3.652633751017E-16));
#5869 = VECTOR('',#5870,1.);
#5870 = DIRECTION('',(0.57735026919,0.57735026919,0.57735026919));
#5871 = ORIENTED_EDGE('',*,*,#5756,.F.);
#5872 = PLANE('',#5873);
#5873 = AXIS2_PLACEMENT_3D('',#5874,#5875,#5876);
#5874 = CARTESIAN_POINT('',(18.08,2.14,1.E-01));
#5875 = DIRECTION('',(0.707106781187,0.,-0.707106781187));
#5876 = DIRECTION('',(0.,1.,0.));
#5877 = ADVANCED_FACE('',(#5878),#5896,.T.);
#5878 = FACE_BOUND('',#5879,.T.);
#5879 = EDGE_LOOP('',(#5880,#5881,#5889,#5895));
#5880 = ORIENTED_EDGE('',*,*,#5725,.T.);
#5881 = ORIENTED_EDGE('',*,*,#5882,.T.);
#5882 = EDGE_CURVE('',#5718,#5883,#5885,.T.);
#5883 = VERTEX_POINT('',#5884);
#5884 = CARTESIAN_POINT('',(17.98,2.74,12.));
#5885 = LINE('',#5886,#5887);
#5886 = CARTESIAN_POINT('',(17.98,2.14,12.));
#5887 = VECTOR('',#5888,1.);
#5888 = DIRECTION('',(0.,1.,0.));
#5889 = ORIENTED_EDGE('',*,*,#5890,.T.);
#5890 = EDGE_CURVE('',#5883,#5817,#5891,.T.);
#5891 = LINE('',#5892,#5893);
#5892 = CARTESIAN_POINT('',(18.18,2.74,12.));
#5893 = VECTOR('',#5894,1.);
#5894 = DIRECTION('',(-1.,0.,0.));
#5895 = ORIENTED_EDGE('',*,*,#5826,.T.);
#5896 = PLANE('',#5897);
#5897 = AXIS2_PLACEMENT_3D('',#5898,#5899,#5900);
#5898 = CARTESIAN_POINT('',(17.78,2.54,12.));
#5899 = DIRECTION('',(0.,0.,1.));
#5900 = DIRECTION('',(1.,0.,0.));
#5901 = ADVANCED_FACE('',(#5902),#5913,.F.);
#5902 = FACE_BOUND('',#5903,.T.);
#5903 = EDGE_LOOP('',(#5904,#5905,#5906,#5912));
#5904 = ORIENTED_EDGE('',*,*,#5717,.F.);
#5905 = ORIENTED_EDGE('',*,*,#5740,.T.);
#5906 = ORIENTED_EDGE('',*,*,#5907,.T.);
#5907 = EDGE_CURVE('',#5741,#5883,#5908,.T.);
#5908 = LINE('',#5909,#5910);
#5909 = CARTESIAN_POINT('',(17.98,2.74,12.));
#5910 = VECTOR('',#5911,1.);
#5911 = DIRECTION('',(-0.57735026919,-0.57735026919,0.57735026919));
#5912 = ORIENTED_EDGE('',*,*,#5882,.F.);
#5913 = PLANE('',#5914);
#5914 = AXIS2_PLACEMENT_3D('',#5915,#5916,#5917);
#5915 = CARTESIAN_POINT('',(18.08,2.14,11.9));
#5916 = DIRECTION('',(-0.707106781187,1.735417226645E-18,-0.707106781187
    ));
#5917 = DIRECTION('',(-1.227125289148E-18,-1.,-1.227125289148E-18));
#5918 = ADVANCED_FACE('',(#5919),#5925,.T.);
#5919 = FACE_BOUND('',#5920,.T.);
#5920 = EDGE_LOOP('',(#5921,#5922,#5923,#5924));
#5921 = ORIENTED_EDGE('',*,*,#5866,.F.);
#5922 = ORIENTED_EDGE('',*,*,#5849,.T.);
#5923 = ORIENTED_EDGE('',*,*,#5792,.T.);
#5924 = ORIENTED_EDGE('',*,*,#5778,.F.);
#5925 = PLANE('',#5926);
#5926 = AXIS2_PLACEMENT_3D('',#5927,#5928,#5929);
#5927 = CARTESIAN_POINT('',(18.18,2.84,1.E-01));
#5928 = DIRECTION('',(0.,0.707106781187,-0.707106781187));
#5929 = DIRECTION('',(-1.,0.,0.));
#5930 = ADVANCED_FACE('',(#5931),#5937,.F.);
#5931 = FACE_BOUND('',#5932,.T.);
#5932 = EDGE_LOOP('',(#5933,#5934,#5935,#5936));
#5933 = ORIENTED_EDGE('',*,*,#5907,.F.);
#5934 = ORIENTED_EDGE('',*,*,#5771,.T.);
#5935 = ORIENTED_EDGE('',*,*,#5816,.T.);
#5936 = ORIENTED_EDGE('',*,*,#5890,.F.);
#5937 = PLANE('',#5938);
#5938 = AXIS2_PLACEMENT_3D('',#5939,#5940,#5941);
#5939 = CARTESIAN_POINT('',(18.18,2.84,11.9));
#5940 = DIRECTION('',(-1.735417226645E-18,-0.707106781187,
    -0.707106781187));
#5941 = DIRECTION('',(1.,-1.227125289148E-18,-1.227125289148E-18));
#5942 = ( GEOMETRIC_REPRESENTATION_CONTEXT(3) 
GLOBAL_UNCERTAINTY_ASSIGNED_CONTEXT((#5946)) 
GLOBAL_UNIT_ASSIGNED_CONTEXT((#5943,#5944,#5945)) REPRESENTATION_CONTEXT
('Context #1','3D Context with UNIT and UNCERTAINTY') );
#5943 = ( LENGTH_UNIT() NAMED_UNIT(*) SI_UNIT(.MILLI.,.METRE.) );
#5944 = ( NAMED_UNIT(*) PLANE_ANGLE_UNIT() SI_UNIT($,.RADIAN.) );
#5945 = ( NAMED_UNIT(*) SI_UNIT($,.STERADIAN.) SOLID_ANGLE_UNIT() );
#5946 = UNCERTAINTY_MEASURE_WITH_UNIT(LENGTH_MEASURE(5.E-05),#5943,
  'distance_accuracy_value','confusion accuracy');
#5947 = CONTEXT_DEPENDENT_SHAPE_REPRESENTATION(#5948,#5950);
#5948 = ( REPRESENTATION_RELATIONSHIP('','',#469,#10) 
REPRESENTATION_RELATIONSHIP_WITH_TRANSFORMATION(#5949) 
SHAPE_REPRESENTATION_RELATIONSHIP() );
#5949 = ITEM_DEFINED_TRANSFORMATION('','',#11,#19);
#5950 = PRODUCT_DEFINITION_SHAPE('Placement','Placement of an item',
  #5951);
#5951 = NEXT_ASSEMBLY_USAGE_OCCURRENCE('11','legs','',#5,#464,$);
#5952 = PRODUCT_RELATED_PRODUCT_CATEGORY('part',$,(#466));
#5953 = MECHANICAL_DESIGN_GEOMETRIC_PRESENTATION_REPRESENTATION('',(
    #5954),#451);
#5954 = STYLED_ITEM('color',(#5955),#37);
#5955 = PRESENTATION_STYLE_ASSIGNMENT((#5956,#5962));
#5956 = SURFACE_STYLE_USAGE(.BOTH.,#5957);
#5957 = SURFACE_SIDE_STYLE('',(#5958));
#5958 = SURFACE_STYLE_FILL_AREA(#5959);
#5959 = FILL_AREA_STYLE('',(#5960));
#5960 = FILL_AREA_STYLE_COLOUR('',#5961);
#5961 = DRAUGHTING_PRE_DEFINED_COLOUR('black');
#5962 = CURVE_STYLE('',#5963,POSITIVE_LENGTH_MEASURE(0.1),#5964);
#5963 = DRAUGHTING_PRE_DEFINED_CURVE_FONT('continuous');
#5964 = COLOUR_RGB('',9.803921802644E-02,9.803921802644E-02,
  9.803921802644E-02);
#5965 = MECHANICAL_DESIGN_GEOMETRIC_PRESENTATION_REPRESENTATION('',(
    #5966,#5976,#5985,#5994,#6003,#6012,#6021,#6030,#6039,#6048,#6057,
    #6066,#6075,#6084,#6093,#6102),#5942);
#5966 = STYLED_ITEM('color',(#5967),#470);
#5967 = PRESENTATION_STYLE_ASSIGNMENT((#5968,#5974));
#5968 = SURFACE_STYLE_USAGE(.BOTH.,#5969);
#5969 = SURFACE_SIDE_STYLE('',(#5970));
#5970 = SURFACE_STYLE_FILL_AREA(#5971);
#5971 = FILL_AREA_STYLE('',(#5972));
#5972 = FILL_AREA_STYLE_COLOUR('',#5973);
#5973 = COLOUR_RGB('',0.399999997426,0.275999994077,0.);
#5974 = CURVE_STYLE('',#5975,POSITIVE_LENGTH_MEASURE(0.1),#5964);
#5975 = DRAUGHTING_PRE_DEFINED_CURVE_FONT('continuous');
#5976 = STYLED_ITEM('color',(#5977),#812);
#5977 = PRESENTATION_STYLE_ASSIGNMENT((#5978,#5983));
#5978 = SURFACE_STYLE_USAGE(.BOTH.,#5979);
#5979 = SURFACE_SIDE_STYLE('',(#5980));
#5980 = SURFACE_STYLE_FILL_AREA(#5981);
#5981 = FILL_AREA_STYLE('',(#5982));
#5982 = FILL_AREA_STYLE_COLOUR('',#5973);
#5983 = CURVE_STYLE('',#5984,POSITIVE_LENGTH_MEASURE(0.1),#5964);
#5984 = DRAUGHTING_PRE_DEFINED_CURVE_FONT('continuous');
#5985 = STYLED_ITEM('color',(#5986),#1154);
#5986 = PRESENTATION_STYLE_ASSIGNMENT((#5987,#5992));
#5987 = SURFACE_STYLE_USAGE(.BOTH.,#5988);
#5988 = SURFACE_SIDE_STYLE('',(#5989));
#5989 = SURFACE_STYLE_FILL_AREA(#5990);
#5990 = FILL_AREA_STYLE('',(#5991));
#5991 = FILL_AREA_STYLE_COLOUR('',#5973);
#5992 = CURVE_STYLE('',#5993,POSITIVE_LENGTH_MEASURE(0.1),#5964);
#5993 = DRAUGHTING_PRE_DEFINED_CURVE_FONT('continuous');
#5994 = STYLED_ITEM('color',(#5995),#1496);
#5995 = PRESENTATION_STYLE_ASSIGNMENT((#5996,#6001));
#5996 = SURFACE_STYLE_USAGE(.BOTH.,#5997);
#5997 = SURFACE_SIDE_STYLE('',(#5998));
#5998 = SURFACE_STYLE_FILL_AREA(#5999);
#5999 = FILL_AREA_STYLE('',(#6000));
#6000 = FILL_AREA_STYLE_COLOUR('',#5973);
#6001 = CURVE_STYLE('',#6002,POSITIVE_LENGTH_MEASURE(0.1),#5964);
#6002 = DRAUGHTING_PRE_DEFINED_CURVE_FONT('continuous');
#6003 = STYLED_ITEM('color',(#6004),#1838);
#6004 = PRESENTATION_STYLE_ASSIGNMENT((#6005,#6010));
#6005 = SURFACE_STYLE_USAGE(.BOTH.,#6006);
#6006 = SURFACE_SIDE_STYLE('',(#6007));
#6007 = SURFACE_STYLE_FILL_AREA(#6008);
#6008 = FILL_AREA_STYLE('',(#6009));
#6009 = FILL_AREA_STYLE_COLOUR('',#5973);
#6010 = CURVE_STYLE('',#6011,POSITIVE_LENGTH_MEASURE(0.1),#5964);
#6011 = DRAUGHTING_PRE_DEFINED_CURVE_FONT('continuous');
#6012 = STYLED_ITEM('color',(#6013),#2180);
#6013 = PRESENTATION_STYLE_ASSIGNMENT((#6014,#6019));
#6014 = SURFACE_STYLE_USAGE(.BOTH.,#6015);
#6015 = SURFACE_SIDE_STYLE('',(#6016));
#6016 = SURFACE_STYLE_FILL_AREA(#6017);
#6017 = FILL_AREA_STYLE('',(#6018));
#6018 = FILL_AREA_STYLE_COLOUR('',#5973);
#6019 = CURVE_STYLE('',#6020,POSITIVE_LENGTH_MEASURE(0.1),#5964);
#6020 = DRAUGHTING_PRE_DEFINED_CURVE_FONT('continuous');
#6021 = STYLED_ITEM('color',(#6022),#2522);
#6022 = PRESENTATION_STYLE_ASSIGNMENT((#6023,#6028));
#6023 = SURFACE_STYLE_USAGE(.BOTH.,#6024);
#6024 = SURFACE_SIDE_STYLE('',(#6025));
#6025 = SURFACE_STYLE_FILL_AREA(#6026);
#6026 = FILL_AREA_STYLE('',(#6027));
#6027 = FILL_AREA_STYLE_COLOUR('',#5973);
#6028 = CURVE_STYLE('',#6029,POSITIVE_LENGTH_MEASURE(0.1),#5964);
#6029 = DRAUGHTING_PRE_DEFINED_CURVE_FONT('continuous');
#6030 = STYLED_ITEM('color',(#6031),#2864);
#6031 = PRESENTATION_STYLE_ASSIGNMENT((#6032,#6037));
#6032 = SURFACE_STYLE_USAGE(.BOTH.,#6033);
#6033 = SURFACE_SIDE_STYLE('',(#6034));
#6034 = SURFACE_STYLE_FILL_AREA(#6035);
#6035 = FILL_AREA_STYLE('',(#6036));
#6036 = FILL_AREA_STYLE_COLOUR('',#5973);
#6037 = CURVE_STYLE('',#6038,POSITIVE_LENGTH_MEASURE(0.1),#5964);
#6038 = DRAUGHTING_PRE_DEFINED_CURVE_FONT('continuous');
#6039 = STYLED_ITEM('color',(#6040),#3206);
#6040 = PRESENTATION_STYLE_ASSIGNMENT((#6041,#6046));
#6041 = SURFACE_STYLE_USAGE(.BOTH.,#6042);
#6042 = SURFACE_SIDE_STYLE('',(#6043));
#6043 = SURFACE_STYLE_FILL_AREA(#6044);
#6044 = FILL_AREA_STYLE('',(#6045));
#6045 = FILL_AREA_STYLE_COLOUR('',#5973);
#6046 = CURVE_STYLE('',#6047,POSITIVE_LENGTH_MEASURE(0.1),#5964);
#6047 = DRAUGHTING_PRE_DEFINED_CURVE_FONT('continuous');
#6048 = STYLED_ITEM('color',(#6049),#3548);
#6049 = PRESENTATION_STYLE_ASSIGNMENT((#6050,#6055));
#6050 = SURFACE_STYLE_USAGE(.BOTH.,#6051);
#6051 = SURFACE_SIDE_STYLE('',(#6052));
#6052 = SURFACE_STYLE_FILL_AREA(#6053);
#6053 = FILL_AREA_STYLE('',(#6054));
#6054 = FILL_AREA_STYLE_COLOUR('',#5973);
#6055 = CURVE_STYLE('',#6056,POSITIVE_LENGTH_MEASURE(0.1),#5964);
#6056 = DRAUGHTING_PRE_DEFINED_CURVE_FONT('continuous');
#6057 = STYLED_ITEM('color',(#6058),#3890);
#6058 = PRESENTATION_STYLE_ASSIGNMENT((#6059,#6064));
#6059 = SURFACE_STYLE_USAGE(.BOTH.,#6060);
#6060 = SURFACE_SIDE_STYLE('',(#6061));
#6061 = SURFACE_STYLE_FILL_AREA(#6062);
#6062 = FILL_AREA_STYLE('',(#6063));
#6063 = FILL_AREA_STYLE_COLOUR('',#5973);
#6064 = CURVE_STYLE('',#6065,POSITIVE_LENGTH_MEASURE(0.1),#5964);
#6065 = DRAUGHTING_PRE_DEFINED_CURVE_FONT('continuous');
#6066 = STYLED_ITEM('color',(#6067),#4232);
#6067 = PRESENTATION_STYLE_ASSIGNMENT((#6068,#6073));
#6068 = SURFACE_STYLE_USAGE(.BOTH.,#6069);
#6069 = SURFACE_SIDE_STYLE('',(#6070));
#6070 = SURFACE_STYLE_FILL_AREA(#6071);
#6071 = FILL_AREA_STYLE('',(#6072));
#6072 = FILL_AREA_STYLE_COLOUR('',#5973);
#6073 = CURVE_STYLE('',#6074,POSITIVE_LENGTH_MEASURE(0.1),#5964);
#6074 = DRAUGHTING_PRE_DEFINED_CURVE_FONT('continuous');
#6075 = STYLED_ITEM('color',(#6076),#4574);
#6076 = PRESENTATION_STYLE_ASSIGNMENT((#6077,#6082));
#6077 = SURFACE_STYLE_USAGE(.BOTH.,#6078);
#6078 = SURFACE_SIDE_STYLE('',(#6079));
#6079 = SURFACE_STYLE_FILL_AREA(#6080);
#6080 = FILL_AREA_STYLE('',(#6081));
#6081 = FILL_AREA_STYLE_COLOUR('',#5973);
#6082 = CURVE_STYLE('',#6083,POSITIVE_LENGTH_MEASURE(0.1),#5964);
#6083 = DRAUGHTING_PRE_DEFINED_CURVE_FONT('continuous');
#6084 = STYLED_ITEM('color',(#6085),#4916);
#6085 = PRESENTATION_STYLE_ASSIGNMENT((#6086,#6091));
#6086 = SURFACE_STYLE_USAGE(.BOTH.,#6087);
#6087 = SURFACE_SIDE_STYLE('',(#6088));
#6088 = SURFACE_STYLE_FILL_AREA(#6089);
#6089 = FILL_AREA_STYLE('',(#6090));
#6090 = FILL_AREA_STYLE_COLOUR('',#5973);
#6091 = CURVE_STYLE('',#6092,POSITIVE_LENGTH_MEASURE(0.1),#5964);
#6092 = DRAUGHTING_PRE_DEFINED_CURVE_FONT('continuous');
#6093 = STYLED_ITEM('color',(#6094),#5258);
#6094 = PRESENTATION_STYLE_ASSIGNMENT((#6095,#6100));
#6095 = SURFACE_STYLE_USAGE(.BOTH.,#6096);
#6096 = SURFACE_SIDE_STYLE('',(#6097));
#6097 = SURFACE_STYLE_FILL_AREA(#6098);
#6098 = FILL_AREA_STYLE('',(#6099));
#6099 = FILL_AREA_STYLE_COLOUR('',#5973);
#6100 = CURVE_STYLE('',#6101,POSITIVE_LENGTH_MEASURE(0.1),#5964);
#6101 = DRAUGHTING_PRE_DEFINED_CURVE_FONT('continuous');
#6102 = STYLED_ITEM('color',(#6103),#5600);
#6103 = PRESENTATION_STYLE_ASSIGNMENT((#6104,#6109));
#6104 = SURFACE_STYLE_USAGE(.BOTH.,#6105);
#6105 = SURFACE_SIDE_STYLE('',(#6106));
#6106 = SURFACE_STYLE_FILL_AREA(#6107);
#6107 = FILL_AREA_STYLE('',(#6108));
#6108 = FILL_AREA_STYLE_COLOUR('',#5973);
#6109 = CURVE_STYLE('',#6110,POSITIVE_LENGTH_MEASURE(0.1),#5964);
#6110 = DRAUGHTING_PRE_DEFINED_CURVE_FONT('continuous');
ENDSEC;
END-ISO-10303-21;
